data_id,label,n_nodes,predicted_class,predicted_logits,predicted_prob,correct
1737,0,5,0,15.04495620727539,1.0,True
157,0,5,0,11.475920677185059,1.0,True
1818,0,5,0,11.994945526123047,1.0,True
1910,0,5,0,9.274346351623535,1.0,True
3914,0,5,0,3.090960741043091,0.9981689453125,True
1766,0,6,0,7.4833598136901855,0.9999997615814209,True
3014,0,6,0,9.692770004272461,1.0,True
341,0,6,0,8.310036659240723,1.0,True
1719,0,6,0,5.482530117034912,0.999984622001648,True
2997,0,7,0,18.20764923095703,1.0,True
3001,0,7,0,13.10661506652832,1.0,True
1497,0,7,0,6.32647705078125,0.9999973773956299,True
3844,0,7,0,9.326066017150879,1.0,True
3464,0,7,0,12.965394973754883,1.0,True
4156,0,7,0,12.755819320678711,1.0,True
438,0,7,0,14.989015579223633,1.0,True
1427,0,7,0,4.178549766540527,0.9998002648353577,True
648,0,7,0,13.758678436279297,1.0,True
1025,0,8,0,2.683542013168335,0.996061384677887,True
1581,0,8,0,6.03467321395874,0.9999947547912598,True
1285,0,8,0,8.849006652832031,1.0,True
2938,0,8,0,14.166485786437988,1.0,True
1715,0,8,0,2.6472506523132324,0.9958460927009583,True
97,0,8,0,6.436286449432373,0.9999977350234985,True
2477,0,8,0,7.848433494567871,0.9999998807907104,True
4210,0,8,0,13.323184967041016,1.0,True
4024,0,8,0,0.04160900413990021,0.5457930564880371,True
3562,0,8,0,6.562307357788086,0.9999983310699463,True
1532,0,9,0,8.805854797363281,1.0,True
3236,0,9,0,2.1898207664489746,0.9895511269569397,True
1770,0,9,0,7.436033725738525,0.9999996423721313,True
2149,0,9,0,11.575435638427734,1.0,True
524,0,9,0,8.885459899902344,1.0,True
2554,0,9,0,2.2461421489715576,0.9909753203392029,True
417,0,9,0,0.8870126605033875,0.8658872842788696,True
2603,0,9,0,5.001731872558594,0.999961256980896,True
935,0,9,0,7.951572418212891,0.9999998807907104,True
758,0,9,0,2.2319741249084473,0.9904609322547913,True
976,0,9,0,2.5065298080444336,0.9947168231010437,True
3948,0,9,0,5.416585922241211,0.999983549118042,True
1857,0,10,0,19.05755043029785,1.0,True
1006,0,10,0,5.925090312957764,0.999994158744812,True
1568,0,10,0,5.876869201660156,0.9999934434890747,True
1036,0,10,0,11.877344131469727,1.0,True
3106,0,10,0,-0.020814791321754456,0.504819929599762,True
436,0,10,0,9.566983222961426,1.0,True
1446,0,10,0,14.56119441986084,1.0,True
3285,0,10,0,18.241573333740234,1.0,True
4242,0,10,0,1.2165288925170898,0.9295238852500916,True
1255,0,10,0,12.300959587097168,1.0,True
3679,0,10,0,0.6071657538414001,0.793635904788971,True
2881,0,10,0,13.861981391906738,1.0,True
2248,0,10,0,15.132333755493164,1.0,True
3576,0,10,0,5.083351135253906,0.9999679327011108,True
2847,0,10,0,-0.020786792039871216,0.5146848559379578,True
2307,0,10,0,9.532360076904297,1.0,True
2358,0,10,0,17.126405715942383,1.0,True
2993,0,10,0,1.1268117427825928,0.9163533449172974,True
2374,0,10,0,2.3411881923675537,0.9924371838569641,True
2481,0,10,0,2.0792734622955322,0.9862690567970276,True
410,0,10,0,13.016939163208008,1.0,True
39,0,11,0,13.313626289367676,1.0,True
806,0,11,0,3.1018381118774414,0.9982421398162842,True
293,0,11,0,4.716386795043945,0.9999358654022217,True
1966,0,11,0,3.563143730163574,0.9993377327919006,True
3055,0,11,0,18.04604721069336,1.0,True
537,0,11,0,4.700588226318359,0.9999229907989502,True
2012,0,11,0,17.523733139038086,1.0,True
2527,0,11,0,1.528316855430603,0.9622439742088318,True
3552,0,11,0,15.656194686889648,1.0,True
3569,0,11,0,8.073155403137207,0.9999998807907104,True
1437,0,11,0,16.185714721679688,1.0,True
1457,0,11,0,9.40513801574707,1.0,True
3452,0,11,0,5.891811370849609,0.9999934434890747,True
3616,0,11,0,16.998781204223633,1.0,True
3356,0,11,0,10.77009105682373,1.0,True
1100,0,11,0,6.665511131286621,0.9999988079071045,True
1407,0,11,0,4.504638671875,0.9998941421508789,True
3342,0,11,0,8.771440505981445,1.0,True
3291,0,11,0,3.540332555770874,0.9992815852165222,True
1294,0,11,0,12.534730911254883,1.0,True
1432,0,11,0,16.71119499206543,1.0,True
4279,0,12,0,19.072057723999023,1.0,True
2300,0,12,0,9.400007247924805,1.0,True
2703,0,12,0,10.504385948181152,1.0,True
3800,0,12,0,7.671426296234131,0.9999998807907104,True
2687,0,12,0,7.059531211853027,0.9999994039535522,True
2683,0,12,0,8.256144523620605,1.0,True
1188,0,12,0,2.7483699321746826,0.9965141415596008,True
1158,0,12,0,10.494983673095703,1.0,True
2930,0,12,0,4.196464538574219,0.9998165965080261,True
4034,0,12,0,14.405941009521484,1.0,True
4216,0,12,0,1.0266469717025757,0.8985456228256226,True
3255,0,12,0,19.945083618164062,1.0,True
865,0,12,0,10.78044319152832,1.0,True
3771,0,12,0,1.5877186059951782,0.964723527431488,True
3192,0,12,0,19.42349624633789,1.0,True
772,0,12,0,3.9718329906463623,0.9996910095214844,True
197,0,12,0,7.036188125610352,0.9999994039535522,True
3376,0,12,0,7.486393928527832,0.9999997615814209,True
1861,0,12,0,1.3525258302688599,0.9448127746582031,True
2062,0,12,0,1.5489639043807983,0.9626954793930054,True
2020,0,12,0,12.409446716308594,1.0,True
3202,0,12,0,2.0002589225769043,0.9846153855323792,True
748,0,13,0,5.409566402435303,0.9999815225601196,True
2190,0,13,0,5.922661304473877,0.9999943971633911,True
942,0,13,0,6.574705600738525,0.9999984502792358,True
2179,0,13,0,3.8324265480041504,0.9995995163917542,True
1343,0,13,0,4.0428547859191895,0.999734103679657,True
633,0,13,0,7.57264518737793,0.9999997615814209,True
689,0,13,0,7.760709762573242,0.9999998807907104,True
1683,0,13,0,5.4653706550598145,0.9999852180480957,True
2081,0,13,0,17.588748931884766,1.0,True
880,0,13,0,11.343791007995605,1.0,True
2067,0,13,0,13.67273235321045,1.0,True
2168,0,13,0,59.82505798339844,1.0,True
3398,0,13,0,12.06259536743164,1.0,True
2980,0,13,0,11.172676086425781,1.0,True
3867,0,13,0,5.043197154998779,0.9999613761901855,True
210,0,13,0,1.8265219926834106,0.9799870848655701,True
3247,0,13,0,19.301618576049805,1.0,True
3383,0,13,0,1.9326328039169312,0.9813985228538513,True
3499,0,13,0,10.506752014160156,1.0,True
2672,0,13,0,9.20899772644043,1.0,True
1604,0,14,0,9.738097190856934,1.0,True
2002,0,14,0,6.003139019012451,0.9999953508377075,True
1512,0,14,0,4.661272048950195,0.9999191761016846,True
3121,0,14,0,2.4350955486297607,0.9939915537834167,True
1095,0,14,0,16.578027725219727,1.0,True
3793,0,14,0,6.380233287811279,0.9999978542327881,True
1203,0,14,0,2.8570265769958496,0.9974243640899658,True
1806,0,14,0,10.30460262298584,1.0,True
189,0,14,0,7.141090393066406,0.9999995231628418,True
1750,0,14,0,8.206229209899902,1.0,True
3703,0,14,0,7.046864032745361,0.9999994039535522,True
100,0,14,0,4.419580459594727,0.9998708963394165,True
1399,0,14,0,9.877124786376953,1.0,True
3624,0,14,0,1.2949317693710327,0.9438931941986084,True
3372,0,14,0,10.131675720214844,1.0,True
4009,0,14,0,1.5094667673110962,0.9627084136009216,True
2660,0,14,0,12.816805839538574,1.0,True
843,0,14,0,8.116418838500977,0.9999998807907104,True
539,0,14,0,9.571647644042969,1.0,True
666,0,14,0,2.012880325317383,0.9840536713600159,True
713,0,14,0,4.357632637023926,0.9998735189437866,True
2288,0,14,0,22.499082565307617,1.0,True
726,0,14,0,0.15204010903835297,0.587890625,True
4128,0,14,0,0.9011693596839905,0.8839586973190308,True
2209,0,14,0,2.3054068088531494,0.9918368458747864,True
2203,0,14,0,17.129798889160156,1.0,True
4173,0,14,0,11.085525512695312,1.0,True
3943,0,14,0,16.562843322753906,1.0,True
761,0,14,0,4.177807331085205,0.9997896552085876,True
792,0,14,0,4.596741676330566,0.9999171495437622,True
2128,0,14,0,8.961677551269531,1.0,True
4171,0,14,0,5.032262802124023,0.9999643564224243,True
2066,0,14,0,11.063783645629883,1.0,True
2924,0,14,0,9.105530738830566,1.0,True
1198,0,15,0,11.972488403320312,1.0,True
1469,0,15,0,2.5941412448883057,0.9951961636543274,True
4330,0,15,0,19.5909481048584,1.0,True
542,0,15,0,23.730682373046875,1.0,True
1431,0,15,0,4.3979172706604,0.9998800754547119,True
4256,0,15,0,17.59935188293457,1.0,True
635,0,15,0,4.26563835144043,0.9998354911804199,True
1331,0,15,0,15.664083480834961,1.0,True
3630,0,15,0,1.3542414903640747,0.9469332695007324,True
4008,0,15,0,10.451314926147461,1.0,True
3706,0,15,0,10.538200378417969,1.0,True
445,0,15,0,2.0018835067749023,0.9863967299461365,True
1066,0,15,0,16.14692497253418,1.0,True
1214,0,15,0,19.709121704101562,1.0,True
4201,0,15,0,0.24735604226589203,0.6813902258872986,True
664,0,15,0,12.715767860412598,1.0,True
3721,0,15,0,14.380687713623047,1.0,True
3479,0,15,0,9.778014183044434,1.0,True
514,0,15,0,1.4948267936706543,0.96024090051651,True
2999,0,15,0,2.6376638412475586,0.9959685802459717,True
1813,0,15,0,3.639782190322876,0.9994623064994812,True
3232,0,15,0,2.1988983154296875,0.9899435043334961,True
239,0,15,0,44.51552200317383,1.0,True
3274,0,15,0,1.272815227508545,0.9354450106620789,True
2948,0,15,0,1.5212957859039307,0.9649601578712463,True
2811,0,15,0,4.683328628540039,0.9999303817749023,True
2457,0,15,0,3.956984758377075,0.9997285008430481,True
215,0,15,0,25.125768661499023,1.0,True
245,0,15,0,4.498380184173584,0.999907374382019,True
3393,0,15,0,2.1057913303375244,0.9891301393508911,True
3108,0,15,0,28.823619842529297,1.0,True
4141,0,16,0,31.43179702758789,1.0,True
812,0,16,0,7.45800256729126,0.9999997615814209,True
3004,0,16,0,25.505395889282227,1.0,True
796,0,16,0,18.694673538208008,1.0,True
791,0,16,0,13.250308990478516,1.0,True
2132,0,16,0,31.929115295410156,1.0,True
717,0,16,0,23.02389907836914,1.0,True
2887,0,16,0,21.591772079467773,1.0,True
2858,0,16,0,9.802750587463379,1.0,True
2060,0,16,0,9.379142761230469,1.0,True
2832,0,16,0,14.805176734924316,1.0,True
4243,0,16,0,7.090313911437988,0.9999995231628418,True
4253,0,16,0,11.915998458862305,1.0,True
2711,0,16,0,20.486217498779297,1.0,True
585,0,16,0,37.158409118652344,1.0,True
550,0,16,0,24.24930763244629,1.0,True
2706,0,16,0,29.32419776916504,1.0,True
2552,0,16,0,32.797489166259766,1.0,True
2896,0,16,0,9.385604858398438,1.0,True
4087,0,16,0,15.88663101196289,1.0,True
2622,0,16,0,12.973541259765625,1.0,True
4061,0,16,0,19.373077392578125,1.0,True
1580,0,16,0,33.1619758605957,1.0,True
3521,0,16,0,21.50794792175293,1.0,True
3531,0,16,0,23.502182006835938,1.0,True
1597,0,16,0,20.88764190673828,1.0,True
3559,0,16,0,1.2949312925338745,0.9432124495506287,True
1606,0,16,0,6.959575653076172,0.9999992847442627,True
1631,0,16,0,29.328113555908203,1.0,True
3333,0,16,0,15.930465698242188,1.0,True
3275,0,16,0,6.445633411407471,0.9999980926513672,True
3264,0,16,0,16.990934371948242,1.0,True
1743,0,16,0,3.6542530059814453,0.9994961023330688,True
3734,0,16,0,19.836685180664062,1.0,True
3189,0,16,0,9.814165115356445,1.0,True
3162,0,16,0,8.91884708404541,1.0,True
3152,0,16,0,19.278738021850586,1.0,True
3847,0,16,0,24.142793655395508,1.0,True
1136,0,16,0,12.237223625183105,1.0,True
1867,0,16,0,16.372417449951172,1.0,True
3912,0,16,0,2.0090575218200684,0.9854826927185059,True
1885,0,16,0,0.1873839646577835,0.6067644953727722,True
3916,0,16,0,22.694143295288086,1.0,True
1908,0,16,0,10.554186820983887,1.0,True
1985,0,16,0,13.883416175842285,1.0,True
1998,0,16,0,12.142424583435059,1.0,True
955,0,16,0,10.507611274719238,1.0,True
4083,0,16,0,26.146007537841797,1.0,True
4016,0,16,0,14.3692045211792,1.0,True
0,0,16,0,10.38605785369873,1.0,True
139,0,16,0,19.75286102294922,1.0,True
408,0,16,0,7.197277545928955,0.9999995231628418,True
437,0,16,0,20.359575271606445,1.0,True
392,0,16,0,14.563220024108887,1.0,True
240,0,16,0,12.920555114746094,1.0,True
413,0,16,0,32.46773147583008,1.0,True
110,0,16,0,19.40003776550293,1.0,True
3188,0,17,0,22.719968795776367,1.0,True
275,0,17,0,5.861045837402344,0.9999938011169434,True
2587,0,17,0,29.02961540222168,1.0,True
4076,0,17,0,29.866172790527344,1.0,True
749,0,17,0,28.79325294494629,1.0,True
51,0,17,0,20.520122528076172,1.0,True
4023,0,17,0,4.563673973083496,0.9999217987060547,True
172,0,17,0,1.883099913597107,0.9819232821464539,True
3211,0,17,0,25.536819458007812,1.0,True
184,0,17,0,9.633055686950684,1.0,True
4098,0,17,0,12.091174125671387,1.0,True
3281,0,17,0,6.943929672241211,0.9999994039535522,True
3169,0,17,0,3.132065534591675,0.9986158609390259,True
3140,0,17,0,22.036483764648438,1.0,True
1716,0,17,0,6.470377445220947,0.9999983310699463,True
491,0,17,0,3.397623300552368,0.9991173148155212,True
3115,0,17,0,10.974329948425293,1.0,True
347,0,17,0,4.966061115264893,0.999950647354126,True
4148,0,17,0,13.442485809326172,1.0,True
4153,0,17,0,30.112104415893555,1.0,True
3016,0,17,0,10.647322654724121,1.0,True
1827,0,17,0,17.67796516418457,1.0,True
484,0,17,0,5.95617151260376,0.999995231628418,True
3295,0,17,0,3.8886525630950928,0.9996985197067261,True
848,0,17,0,6.567617416381836,0.9999985694885254,True
3306,0,17,0,20.67824363708496,1.0,True
2526,0,17,0,23.697580337524414,1.0,True
2297,0,17,0,3.5306777954101562,0.9993610978126526,True
3813,0,17,0,16.711366653442383,1.0,True
260,0,17,0,2.9547388553619385,0.9979754090309143,True
3828,0,17,0,10.90465259552002,1.0,True
3615,0,17,0,3.555910110473633,0.9993927478790283,True
2282,0,17,0,1.6089104413986206,0.9636521339416504,True
3584,0,17,0,2.831174373626709,0.9971137046813965,True
1253,0,17,0,30.2542667388916,1.0,True
1288,0,17,0,23.966537475585938,1.0,True
2542,0,17,0,2.787628173828125,0.9968926906585693,True
901,0,17,0,21.222522735595703,1.0,True
74,0,17,0,5.046938896179199,0.9999700784683228,True
147,0,17,0,0.2875634431838989,0.6596713066101074,True
3437,0,17,0,1.8192633390426636,0.9799104928970337,True
3949,0,17,0,4.579029560089111,0.9999221563339233,True
1374,0,17,0,29.20261001586914,1.0,True
3378,0,17,0,2.907350778579712,0.9978245496749878,True
3377,0,17,0,6.386703014373779,0.9999979734420776,True
3369,0,17,0,13.64188289642334,1.0,True
855,0,17,0,8.324819564819336,1.0,True
1834,0,17,0,22.08418846130371,1.0,True
1475,0,17,0,29.699846267700195,1.0,True
2576,0,17,0,18.18583869934082,1.0,True
1859,0,17,0,27.589277267456055,1.0,True
1045,0,17,0,22.18809700012207,1.0,True
15,0,17,0,18.12223243713379,1.0,True
533,0,17,0,6.94065523147583,0.9999992847442627,True
4272,0,17,0,15.478527069091797,1.0,True
2022,0,17,0,0.12230975925922394,0.6217003464698792,True
619,0,17,0,12.152586936950684,1.0,True
4232,0,17,0,20.638797760009766,1.0,True
2685,0,17,0,6.998148441314697,0.9999994039535522,True
4259,0,17,0,12.174769401550293,1.0,True
2710,0,17,0,2.144556760787964,0.9897769689559937,True
2071,0,17,0,17.25397300720215,1.0,True
2767,0,17,0,8.867728233337402,1.0,True
2030,0,17,0,4.965635776519775,0.9999644756317139,True
2047,0,17,0,2.76609206199646,0.9970943927764893,True
568,0,17,0,30.68910026550293,1.0,True
2398,0,17,0,12.69386100769043,1.0,True
2838,0,17,0,12.007349967956543,1.0,True
2789,0,17,0,21.880765914916992,1.0,True
4277,0,18,0,27.4842472076416,1.0,True
3973,0,18,0,0.2891719341278076,0.6920841336250305,True
2033,0,18,0,1.2436398267745972,0.9444476962089539,True
2665,0,18,0,8.334638595581055,1.0,True
2564,0,18,0,21.669103622436523,1.0,True
3983,0,18,0,16.94042205810547,1.0,True
3959,0,18,0,47.64971923828125,1.0,True
1489,0,18,0,7.663944244384766,0.9999998807907104,True
4220,0,18,0,31.989768981933594,1.0,True
2575,0,18,0,29.425582885742188,1.0,True
2806,0,18,0,6.368458271026611,0.9999978542327881,True
1546,0,18,0,38.55418014526367,1.0,True
1570,0,18,0,37.77263259887695,1.0,True
4042,0,18,0,5.990062236785889,0.999995231628418,True
1582,0,18,0,2.899197816848755,0.9976188540458679,True
2655,0,18,0,6.571263313293457,0.9999985694885254,True
1591,0,18,0,6.6264472007751465,0.9999986886978149,True
186,0,18,0,51.890525817871094,1.0,True
3231,0,18,0,3.6207714080810547,0.9994521737098694,True
3322,0,18,0,37.69927215576172,1.0,True
3954,0,18,0,16.40003776550293,1.0,True
4303,0,18,0,43.00166702270508,1.0,True
1396,0,18,0,27.281530380249023,1.0,True
1054,0,18,0,7.18438196182251,0.9999996423721313,True
3747,0,18,0,18.046133041381836,1.0,True
1021,0,18,0,7.462141990661621,0.9999997615814209,True
269,0,18,0,42.116939544677734,1.0,True
1108,0,18,0,31.8134708404541,1.0,True
3715,0,18,0,9.244880676269531,1.0,True
1124,0,18,0,41.587059020996094,1.0,True
3667,0,18,0,3.1701080799102783,0.9986244440078735,True
1173,0,18,0,17.607805252075195,1.0,True
422,0,18,0,9.934849739074707,1.0,True
3815,0,18,0,4.589859962463379,0.9999262094497681,True
2492,0,18,0,26.225080490112305,1.0,True
3818,0,18,0,4.611169338226318,0.9999265670776367,True
967,0,18,0,5.421617031097412,0.9999850988388062,True
2097,0,18,0,6.109281539916992,0.9999963045120239,True
958,0,18,0,10.088859558105469,1.0,True
2276,0,18,0,4.627830505371094,0.9999274015426636,True
458,0,18,0,14.502066612243652,1.0,True
1276,0,18,0,11.80033016204834,1.0,True
929,0,18,0,30.916852951049805,1.0,True
928,0,18,0,37.666996002197266,1.0,True
508,0,18,0,0.08850134909152985,0.5979967713356018,True
2052,0,18,0,3.961827516555786,0.9997180104255676,True
2333,0,18,0,41.176673889160156,1.0,True
2131,0,18,0,4.3112568855285645,0.9998660087585449,True
873,0,18,0,9.170110702514648,1.0,True
3224,0,18,0,2.803696870803833,0.9971181154251099,True
3361,0,18,0,1.4679487943649292,0.9631626009941101,True
2169,0,18,0,31.391542434692383,1.0,True
1681,0,18,0,29.821945190429688,1.0,True
1952,0,18,0,27.526811599731445,1.0,True
2417,0,18,0,17.95420265197754,1.0,True
1668,0,18,0,14.966307640075684,1.0,True
3003,0,18,0,15.195647239685059,1.0,True
4106,0,18,0,26.588151931762695,1.0,True
739,0,18,0,21.946659088134766,1.0,True
1883,0,18,0,5.090850830078125,0.9999715089797974,True
4154,0,18,0,38.08381652832031,1.0,True
3072,0,18,0,8.658394813537598,1.0,True
1957,0,18,0,22.161876678466797,1.0,True
3187,0,18,0,31.8134708404541,1.0,True
751,0,18,0,13.441387176513672,1.0,True
3013,0,18,0,40.51414108276367,1.0,True
1830,0,18,0,31.98629379272461,1.0,True
695,0,18,0,8.368809700012207,1.0,True
2859,0,18,0,15.725167274475098,1.0,True
482,0,18,0,29.00115203857422,1.0,True
44,0,18,0,15.037087440490723,1.0,True
2981,0,18,0,4.65887451171875,0.9999332427978516,True
477,0,18,0,7.166831970214844,0.9999995231628418,True
229,0,19,0,30.723962783813477,1.0,True
2121,0,19,0,15.939361572265625,1.0,True
3517,0,19,0,13.666589736938477,1.0,True
2152,0,19,0,16.354045867919922,1.0,True
1131,0,19,0,3.851226568222046,0.9996515512466431,True
511,0,19,0,39.01275634765625,1.0,True
637,0,19,0,1.6502443552017212,0.9725083708763123,True
1409,0,19,0,16.447750091552734,1.0,True
4196,0,19,0,11.160233497619629,1.0,True
226,0,19,0,16.437870025634766,1.0,True
2115,0,19,0,6.494437217712402,0.9999978542327881,True
2384,0,19,0,3.5534934997558594,0.9992584586143494,True
2931,0,19,0,32.861167907714844,1.0,True
2798,0,19,0,14.557989120483398,1.0,True
2416,0,19,0,15.508709907531738,1.0,True
1201,0,19,0,33.93408203125,1.0,True
3906,0,19,0,4.20125150680542,0.9998325109481812,True
4202,0,19,0,14.84004020690918,1.0,True
3467,0,19,0,34.21613311767578,1.0,True
3060,0,19,0,48.62822723388672,1.0,True
2140,0,19,0,16.835979461669922,1.0,True
621,0,19,0,41.741329193115234,1.0,True
1161,0,19,0,26.99662971496582,1.0,True
3130,0,19,0,9.876291275024414,1.0,True
3164,0,19,0,21.12959098815918,1.0,True
3201,0,19,0,21.583776473999023,1.0,True
2517,0,19,0,8.75610637664795,1.0,True
2000,0,19,0,17.00739097595215,1.0,True
3223,0,19,0,14.050567626953125,1.0,True
1870,0,19,0,18.689632415771484,1.0,True
1246,0,19,0,24.160497665405273,1.0,True
1028,0,19,0,22.929927825927734,1.0,True
4090,0,19,0,4.633450031280518,0.9999278783798218,True
85,0,19,0,28.048095703125,1.0,True
1573,0,19,0,30.972806930541992,1.0,True
2866,0,19,0,9.910984992980957,1.0,True
519,0,19,0,13.467592239379883,1.0,True
1962,0,19,0,14.21072769165039,1.0,True
4270,0,19,0,6.587423801422119,0.9999985694885254,True
4325,0,19,0,30.726877212524414,1.0,True
128,0,19,0,24.331579208374023,1.0,True
2343,0,19,0,24.613628387451172,1.0,True
846,0,19,0,1.2776449918746948,0.937624990940094,True
2171,0,19,0,31.67607307434082,1.0,True
1671,0,19,0,10.750757217407227,1.0,True
842,0,19,0,0.8351073265075684,0.8564252257347107,True
3278,0,19,0,11.77155876159668,1.0,True
163,0,19,0,33.405303955078125,1.0,True
583,0,19,0,10.521356582641602,1.0,True
3577,0,19,0,25.536645889282227,1.0,True
3287,0,19,0,33.255577087402344,1.0,True
3284,0,19,0,21.118309020996094,1.0,True
1093,0,19,0,16.402381896972656,1.0,True
1655,0,19,0,15.331521987915039,1.0,True
2088,0,20,0,0.7142361998558044,0.8363496661186218,True
2991,0,20,0,17.100141525268555,1.0,True
2584,0,20,0,15.400578498840332,1.0,True
1143,0,20,0,8.665152549743652,1.0,True
1140,0,20,0,13.346250534057617,1.0,True
3699,0,20,0,2.492833137512207,0.9946269392967224,True
1120,0,20,0,6.7623467445373535,0.9999990463256836,True
2974,0,20,0,0.8305132985115051,0.8593544960021973,True
2966,0,20,0,17.814212799072266,1.0,True
2692,0,20,0,19.183835983276367,1.0,True
228,0,20,0,15.809616088867188,1.0,True
1865,0,20,0,23.513219833374023,1.0,True
1869,0,20,0,7.005527496337891,0.9999992847442627,True
2525,0,20,0,0.47547298669815063,0.7799257040023804,True
3755,0,20,0,7.151541709899902,0.9999996423721313,True
3672,0,20,0,15.361136436462402,1.0,True
1221,0,20,0,10.974828720092773,1.0,True
287,0,20,0,21.372119903564453,1.0,True
1787,0,20,0,21.77560806274414,1.0,True
3120,0,20,0,47.551876068115234,1.0,True
2611,0,20,0,11.021401405334473,1.0,True
1700,0,20,0,14.160058975219727,1.0,True
1455,0,20,0,34.78963851928711,1.0,True
308,0,20,0,23.231172561645508,1.0,True
3175,0,20,0,7.631054878234863,0.9999998807907104,True
1496,0,20,0,8.572510719299316,1.0,True
1649,0,20,0,10.237550735473633,1.0,True
2018,0,20,0,14.217679023742676,1.0,True
1563,0,20,0,27.922285079956055,1.0,True
1574,0,20,0,9.044590950012207,1.0,True
3254,0,20,0,3.697662353515625,0.9995192289352417,True
1596,0,20,0,5.509153366088867,0.999988317489624,True
195,0,20,0,7.392739772796631,0.9999997615814209,True
367,0,20,0,24.771718978881836,1.0,True
400,0,20,0,8.322396278381348,1.0,True
3385,0,20,0,20.142475128173828,1.0,True
1916,0,20,0,34.529930114746094,1.0,True
3410,0,20,0,6.630587577819824,0.9999988079071045,True
2714,0,20,0,3.391157865524292,0.9991466999053955,True
213,0,20,0,6.360349655151367,0.9999978542327881,True
1262,0,20,0,27.69431495666504,1.0,True
120,0,20,0,16.454261779785156,1.0,True
2935,0,20,0,26.560327529907227,1.0,True
3549,0,20,0,16.155044555664062,1.0,True
1768,0,20,0,15.056814193725586,1.0,True
1798,0,20,0,8.873147964477539,1.0,True
1279,0,20,0,34.37422561645508,1.0,True
1311,0,20,0,10.997648239135742,1.0,True
1317,0,20,0,13.415898323059082,1.0,True
1744,0,20,0,25.446313858032227,1.0,True
1334,0,20,0,15.403124809265137,1.0,True
257,0,20,0,21.791839599609375,1.0,True
3453,0,20,0,25.134723663330078,1.0,True
2191,0,20,0,25.076921463012695,1.0,True
207,0,20,0,20.01333236694336,1.0,True
1878,0,20,0,26.947189331054688,1.0,True
247,0,20,0,6.552534580230713,0.9999985694885254,True
2478,0,20,0,10.626606941223145,1.0,True
4132,0,20,0,8.147239685058594,1.0,True
905,0,20,0,23.287967681884766,1.0,True
2476,0,20,0,8.459921836853027,1.0,True
787,0,20,0,24.600635528564453,1.0,True
33,0,20,0,23.3159236907959,1.0,True
2391,0,20,0,6.18708610534668,0.9999970197677612,True
3845,0,20,0,21.514549255371094,1.0,True
4020,0,20,0,3.2922356128692627,0.9989504814147949,True
945,0,20,0,30.52484130859375,1.0,True
3902,0,20,0,17.32842445373535,1.0,True
776,0,20,0,15.171177864074707,1.0,True
760,0,20,0,17.92072868347168,1.0,True
649,0,20,0,15.672722816467285,1.0,True
3893,0,20,0,30.650171279907227,1.0,True
851,0,20,0,2.953951120376587,0.9979377388954163,True
669,0,20,0,26.149839401245117,1.0,True
4192,0,20,0,2.6956396102905273,0.9962987303733826,True
3963,0,20,0,13.455873489379883,1.0,True
4084,0,20,0,34.34479904174805,1.0,True
857,0,20,0,10.604103088378906,1.0,True
616,0,20,0,24.768465042114258,1.0,True
2362,0,21,0,11.882377624511719,1.0,True
1260,0,21,0,6.663336753845215,0.9999985694885254,True
1726,0,21,0,11.32983112335205,1.0,True
254,0,21,0,8.493349075317383,1.0,True
3394,0,21,0,4.789687633514404,0.9999505281448364,True
3598,0,21,0,8.476900100708008,1.0,True
1690,0,21,0,7.120277404785156,0.9999995231628418,True
1776,0,21,0,15.200094223022461,1.0,True
1791,0,21,0,42.90478515625,1.0,True
2377,0,21,0,7.395123481750488,0.9999997615814209,True
4181,0,21,0,33.403202056884766,1.0,True
338,0,21,0,52.678375244140625,1.0,True
3644,0,21,0,30.555274963378906,1.0,True
4193,0,21,0,11.511073112487793,1.0,True
1230,0,21,0,5.426505088806152,0.999985933303833,True
1266,0,21,0,13.83714771270752,1.0,True
763,0,21,0,25.746339797973633,1.0,True
2536,0,21,0,30.424869537353516,1.0,True
864,0,21,0,15.943790435791016,1.0,True
1438,0,21,0,43.07586669921875,1.0,True
1364,0,21,0,5.807292461395264,0.9999936819076538,True
2466,0,21,0,14.911208152770996,1.0,True
256,0,21,0,5.919315814971924,0.9999948740005493,True
3992,0,21,0,7.632553577423096,0.9999998807907104,True
1494,0,21,0,7.450030326843262,0.9999997615814209,True
3930,0,21,0,13.599065780639648,1.0,True
3292,0,21,0,12.377135276794434,1.0,True
1529,0,21,0,8.120676040649414,0.9999998807907104,True
4114,0,21,0,8.951583862304688,1.0,True
1328,0,21,0,32.05058670043945,1.0,True
3265,0,21,0,25.866456985473633,1.0,True
180,0,21,0,25.14631462097168,1.0,True
466,0,21,0,12.612488746643066,1.0,True
2454,0,21,0,33.30228042602539,1.0,True
1593,0,21,0,6.615023612976074,0.9999986886978149,True
1594,0,21,0,6.458415508270264,0.9999983310699463,True
1610,0,21,0,0.07679609954357147,0.5964351892471313,True
2583,0,21,0,12.114413261413574,1.0,True
4197,0,21,0,6.36281681060791,0.9999979734420776,True
4107,0,21,0,13.41032886505127,1.0,True
1326,0,21,0,6.284763336181641,0.999997615814209,True
24,0,21,0,13.939231872558594,1.0,True
1319,0,21,0,0.11853815615177155,0.6201488971710205,True
2733,0,21,0,5.691224098205566,0.999991774559021,True
446,0,21,0,33.19513702392578,1.0,True
1005,0,21,0,40.69693374633789,1.0,True
2383,0,21,0,20.79291534423828,1.0,True
1876,0,21,0,14.542901039123535,1.0,True
3812,0,21,0,55.650054931640625,1.0,True
1013,0,21,0,13.176661491394043,1.0,True
2855,0,21,0,7.259293556213379,0.9999996423721313,True
2947,0,21,0,16.33180046081543,1.0,True
2100,0,21,0,14.023797988891602,1.0,True
335,0,21,0,4.027740001678467,0.9997795224189758,True
573,0,21,0,28.94512367248535,1.0,True
509,0,21,0,18.399150848388672,1.0,True
1961,0,21,0,24.723838806152344,1.0,True
2084,0,21,0,23.104562759399414,1.0,True
3810,0,21,0,22.53927993774414,1.0,True
2722,0,21,0,15.368791580200195,1.0,True
554,0,21,0,14.626725196838379,1.0,True
1902,0,21,0,33.47336196899414,1.0,True
2975,0,21,0,13.780285835266113,1.0,True
2807,0,21,0,5.5633015632629395,0.99998939037323,True
1994,0,21,0,1.6413973569869995,0.9715638756752014,True
4063,0,22,0,3.5723049640655518,0.9994186162948608,True
3537,0,22,0,16.42976951599121,1.0,True
1462,0,22,0,19.517763137817383,1.0,True
3544,0,22,0,10.487112045288086,1.0,True
1960,0,22,0,39.47722625732422,1.0,True
2857,0,22,0,12.03420639038086,1.0,True
1981,0,22,0,8.768186569213867,1.0,True
23,0,22,0,5.122574806213379,0.9999740123748779,True
1020,0,22,0,6.586084365844727,0.9999985694885254,True
3495,0,22,0,3.4129321575164795,0.9992245435714722,True
3351,0,22,0,53.1241569519043,1.0,True
603,0,22,0,6.8048415184021,0.9999991655349731,True
462,0,22,0,11.723750114440918,1.0,True
798,0,22,0,17.88361930847168,1.0,True
4029,0,22,0,39.393402099609375,1.0,True
2134,0,22,0,14.208394050598145,1.0,True
2032,0,22,0,27.53455924987793,1.0,True
1474,0,22,0,9.853018760681152,1.0,True
544,0,22,0,8.618621826171875,1.0,True
65,0,22,0,34.6849479675293,1.0,True
4049,0,22,0,7.374946117401123,0.9999997615814209,True
3772,0,22,0,3.417670726776123,0.999212384223938,True
2921,0,22,0,35.4307861328125,1.0,True
2205,0,22,0,27.160890579223633,1.0,True
3661,0,22,0,39.47722625732422,1.0,True
2972,0,22,0,10.652543067932129,1.0,True
1200,0,22,0,13.734328269958496,1.0,True
3638,0,22,0,5.3214802742004395,0.9999827146530151,True
3388,0,22,0,43.739463806152344,1.0,True
3662,0,22,0,19.83441734313965,1.0,True
336,0,22,0,15.290522575378418,1.0,True
1164,0,22,0,44.43718719482422,1.0,True
1777,0,22,0,5.645394802093506,0.9999889135360718,True
2944,0,22,0,26.5805721282959,1.0,True
2630,0,22,0,19.04135513305664,1.0,True
1415,0,22,0,6.750213146209717,0.9999990463256836,True
1149,0,22,0,20.557891845703125,1.0,True
2186,0,22,0,7.77081823348999,0.9999998807907104,True
1280,0,22,0,20.557880401611328,1.0,True
399,0,22,0,3.1426751613616943,0.9986552000045776,True
3801,0,22,0,33.92429733276367,1.0,True
3850,0,22,0,24.894519805908203,1.0,True
3124,0,22,0,24.544891357421875,1.0,True
4120,0,22,0,4.673726558685303,0.9999377727508545,True
1257,0,22,0,11.230320930480957,1.0,True
2403,0,22,0,12.840314865112305,1.0,True
2154,0,22,0,24.884525299072266,1.0,True
3360,0,22,0,17.146923065185547,1.0,True
4233,0,22,0,24.894519805908203,1.0,True
72,0,22,0,44.08909606933594,1.0,True
2745,0,22,0,22.37550163269043,1.0,True
1448,0,22,0,0.2545429468154907,0.6915238499641418,True
1471,0,23,0,8.430131912231445,1.0,True
2396,0,23,0,20.867338180541992,1.0,True
3370,0,23,0,11.812161445617676,1.0,True
2675,0,23,0,8.524587631225586,1.0,True
1967,0,23,0,18.717220306396484,1.0,True
69,0,23,0,16.753707885742188,1.0,True
2998,0,23,0,30.640932083129883,1.0,True
1747,0,23,0,2.49668550491333,0.9953644275665283,True
1887,0,23,0,26.477638244628906,1.0,True
1729,0,23,0,15.330872535705566,1.0,True
2155,0,23,0,22.45439910888672,1.0,True
2612,0,23,0,8.095523834228516,0.9999998807907104,True
1904,0,23,0,19.243919372558594,1.0,True
2202,0,23,0,17.9639949798584,1.0,True
230,0,23,0,26.81490707397461,1.0,True
2426,0,23,0,26.531980514526367,1.0,True
292,0,23,0,20.763065338134766,1.0,True
1679,0,23,0,21.22727394104004,1.0,True
266,0,23,0,14.200637817382812,1.0,True
4103,0,23,0,14.87868595123291,1.0,True
1643,0,23,0,60.68779373168945,1.0,True
4248,0,23,0,30.92630386352539,1.0,True
1979,0,23,0,17.167285919189453,1.0,True
2831,0,23,0,2.673243284225464,0.9967048764228821,True
2028,0,23,0,26.197832107543945,1.0,True
3273,0,23,0,18.87331771850586,1.0,True
2127,0,23,0,24.11004638671875,1.0,True
2759,0,23,0,17.367717742919922,1.0,True
2918,0,23,0,18.297393798828125,1.0,True
1391,0,23,0,15.321616172790527,1.0,True
374,0,23,0,18.903779983520508,1.0,True
1359,0,23,0,32.185665130615234,1.0,True
1180,0,23,0,15.120523452758789,1.0,True
3455,0,23,0,17.96932029724121,1.0,True
3872,0,23,0,4.36696720123291,0.999886155128479,True
3508,0,23,0,18.099077224731445,1.0,True
1014,0,23,0,32.07915115356445,1.0,True
2260,0,23,0,24.669330596923828,1.0,True
3617,0,23,0,0.4613381028175354,0.7722821235656738,True
1097,0,23,0,32.1215934753418,1.0,True
1075,0,23,0,8.19299602508545,1.0,True
92,0,23,0,7.214330673217773,0.9999996423721313,True
1127,0,23,0,17.608367919921875,1.0,True
2259,0,23,0,18.805301666259766,1.0,True
134,0,23,0,28.67949104309082,1.0,True
2488,0,23,0,16.954444885253906,1.0,True
3870,0,23,0,34.10609817504883,1.0,True
3711,0,23,0,2.460186719894409,0.9943885207176208,True
3878,0,23,0,29.609474182128906,1.0,True
108,0,23,0,11.466254234313965,1.0,True
3866,0,24,0,8.757712364196777,1.0,True
1538,0,24,0,36.48656463623047,1.0,True
3797,0,24,0,6.607320785522461,0.9999988079071045,True
600,0,24,0,34.1170768737793,1.0,True
217,0,24,0,31.275732040405273,1.0,True
3277,0,24,0,11.708794593811035,1.0,True
3698,0,24,0,16.102210998535156,1.0,True
2005,0,24,0,21.034677505493164,1.0,True
4118,0,24,0,19.043109893798828,1.0,True
165,0,24,0,16.63629913330078,1.0,True
1505,0,24,0,13.471108436584473,1.0,True
2885,0,24,0,36.24063491821289,1.0,True
2814,0,24,0,15.848541259765625,1.0,True
643,0,24,0,11.5566987991333,1.0,True
636,0,24,0,33.4946403503418,1.0,True
1888,0,24,0,21.89153480529785,1.0,True
2928,0,24,0,18.565052032470703,1.0,True
4252,0,24,0,38.5234489440918,1.0,True
922,0,24,0,5.403042793273926,0.9999867677688599,True
1637,0,24,0,11.422760009765625,1.0,True
2539,0,24,0,13.355456352233887,1.0,True
2222,0,24,0,4.160327434539795,0.9998291730880737,True
318,0,24,0,16.45320701599121,1.0,True
1296,0,24,0,18.42684555053711,1.0,True
917,0,24,0,26.467044830322266,1.0,True
2577,0,24,0,11.937265396118164,1.0,True
747,0,24,0,35.17108917236328,1.0,True
915,0,24,0,23.716327667236328,1.0,True
1980,0,24,0,34.227928161621094,1.0,True
2266,0,24,0,10.193140983581543,1.0,True
3253,0,24,0,10.442765235900879,1.0,True
1015,0,24,0,18.28301429748535,1.0,True
2496,0,24,0,12.928288459777832,1.0,True
1278,0,24,0,24.394182205200195,1.0,True
1651,0,24,0,31.36656379699707,1.0,True
584,0,24,0,6.048950672149658,0.9999963045120239,True
767,0,24,0,38.21490478515625,1.0,True
3738,0,24,0,14.837262153625488,1.0,True
1368,0,24,0,15.573915481567383,1.0,True
1442,0,24,0,25.146636962890625,1.0,True
580,0,24,0,37.516727447509766,1.0,True
3433,0,24,0,16.075359344482422,1.0,True
2501,0,24,0,38.52345275878906,1.0,True
1070,0,24,0,33.06894302368164,1.0,True
3614,0,24,0,1.853167176246643,0.9831963777542114,True
3779,0,24,0,5.343198299407959,0.9999839067459106,True
1068,0,24,0,3.723297357559204,0.9995905756950378,True
2253,0,24,0,64.07758331298828,1.0,True
2679,0,24,0,24.61294174194336,1.0,True
3754,0,24,0,25.88903045654297,1.0,True
2296,0,24,0,17.9202880859375,1.0,True
2472,0,24,0,26.712974548339844,1.0,True
3756,0,24,0,10.392901420593262,1.0,True
2092,0,24,0,18.00453758239746,1.0,True
1033,0,24,0,17.071056365966797,1.0,True
495,0,24,0,29.681982040405273,1.0,True
2247,0,24,0,10.812543869018555,1.0,True
3401,0,24,0,5.00116491317749,0.9999617338180542,True
2075,0,24,0,12.770087242126465,1.0,True
2674,0,24,0,15.743650436401367,1.0,True
4146,0,24,0,11.035699844360352,1.0,True
1168,0,24,0,9.854310035705566,1.0,True
2773,0,24,0,25.750844955444336,1.0,True
888,0,24,0,23.129045486450195,1.0,True
835,0,24,0,12.537270545959473,1.0,True
3740,0,24,0,22.959150314331055,1.0,True
265,0,24,0,5.839402198791504,0.9999935626983643,True
22,0,24,0,34.386531829833984,1.0,True
4217,0,24,0,13.271632194519043,1.0,True
3582,0,25,0,28.559505462646484,1.0,True
3545,0,25,0,33.598228454589844,1.0,True
1286,0,25,0,11.497635841369629,1.0,True
974,0,25,0,27.5192813873291,1.0,True
992,0,25,0,15.653861045837402,1.0,True
3054,0,25,0,28.96511459350586,1.0,True
1648,0,25,0,18.538137435913086,1.0,True
2628,0,25,0,22.092613220214844,1.0,True
1634,0,25,0,19.916423797607422,1.0,True
962,0,25,0,26.56224250793457,1.0,True
1801,0,25,0,15.037811279296875,1.0,True
2195,0,25,0,27.411523818969727,1.0,True
2278,0,25,0,50.639408111572266,1.0,True
1245,0,25,0,26.7033748626709,1.0,True
1774,0,25,0,23.438827514648438,1.0,True
3165,0,25,0,18.235002517700195,1.0,True
3147,0,25,0,26.09922218322754,1.0,True
3861,0,25,0,35.75696563720703,1.0,True
3166,0,25,0,20.58490562438965,1.0,True
1853,0,25,0,16.305179595947266,1.0,True
690,0,25,0,20.367008209228516,1.0,True
3668,0,25,0,22.75994873046875,1.0,True
1735,0,25,0,13.051526069641113,1.0,True
2162,0,25,0,25.968521118164062,1.0,True
2415,0,25,0,7.085543632507324,0.9999995231628418,True
2204,0,25,0,1.7240444421768188,0.9793847799301147,True
3852,0,25,0,15.1332426071167,1.0,True
2978,0,25,0,50.924781799316406,1.0,True
4140,0,25,0,20.66947364807129,1.0,True
1862,0,25,0,14.61816692352295,1.0,True
4136,0,25,0,36.422298431396484,1.0,True
3729,0,25,0,17.128061294555664,1.0,True
473,0,25,0,42.956241607666016,1.0,True
1461,0,25,0,16.138193130493164,1.0,True
2076,0,25,0,28.75346565246582,1.0,True
1541,0,25,0,26.571521759033203,1.0,True
1534,0,25,0,33.256858825683594,1.0,True
154,0,25,0,10.27608585357666,1.0,True
3469,0,25,0,27.005115509033203,1.0,True
3468,0,25,0,5.780099868774414,0.9999922513961792,True
1526,0,25,0,12.510117530822754,1.0,True
1524,0,25,0,12.561615943908691,1.0,True
2399,0,25,0,28.55074119567871,1.0,True
2348,0,25,0,23.795705795288086,1.0,True
1452,0,25,0,20.61525535583496,1.0,True
3926,0,25,0,16.950084686279297,1.0,True
824,0,25,0,16.016090393066406,1.0,True
311,0,25,0,34.00575256347656,1.0,True
597,0,25,0,0.3663243055343628,0.7582100033760071,True
4312,0,25,0,25.443639755249023,1.0,True
4285,0,25,0,78.09380340576172,1.0,True
2393,0,25,0,17.130046844482422,1.0,True
1024,0,25,0,23.009164810180664,1.0,True
845,0,25,0,20.231769561767578,1.0,True
1460,0,25,0,0.03444032371044159,0.5970609784126282,True
1466,0,25,0,27.392173767089844,1.0,True
1323,0,25,0,19.022811889648438,1.0,True
4323,0,25,0,29.258560180664062,1.0,True
1092,0,25,0,4.844578266143799,0.9999603033065796,True
1022,0,25,0,5.26422119140625,0.9999827146530151,True
2582,0,25,0,3.7540016174316406,0.9996356964111328,True
1616,0,25,0,12.947845458984375,1.0,True
877,0,25,0,23.459482192993164,1.0,True
2867,0,25,0,16.405473709106445,1.0,True
405,0,25,0,18.258893966674805,1.0,True
236,0,25,0,5.951761722564697,0.9999947547912598,True
3627,0,25,0,27.3785457611084,1.0,True
3248,0,25,0,2.272141695022583,0.9921199083328247,True
3901,0,25,0,19.0180721282959,1.0,True
401,0,25,0,11.729412078857422,1.0,True
4026,0,25,0,9.614916801452637,1.0,True
376,0,25,0,2.878009080886841,0.9975600242614746,True
1569,0,25,0,28.836111068725586,1.0,True
2707,0,25,0,19.388507843017578,1.0,True
2852,0,25,0,24.23216438293457,1.0,True
3402,0,25,0,33.969635009765625,1.0,True
1094,0,25,0,24.196046829223633,1.0,True
1174,0,26,0,13.185946464538574,1.0,True
4328,0,26,0,32.86111068725586,1.0,True
1032,0,26,0,11.116228103637695,1.0,True
3642,0,26,0,5.550654411315918,0.9999901056289673,True
2958,0,26,0,19.609861373901367,1.0,True
2775,0,26,0,3.1043529510498047,0.9986603260040283,True
2694,0,26,0,1.8633047342300415,0.978865921497345,True
224,0,26,0,38.281497955322266,1.0,True
4212,0,26,0,45.27613830566406,1.0,True
3775,0,26,0,27.64363670349121,1.0,True
2063,0,26,0,12.161882400512695,1.0,True
1063,0,26,0,13.679073333740234,1.0,True
2987,0,26,0,23.59458351135254,1.0,True
2952,0,26,0,37.91876983642578,1.0,True
2010,0,26,0,47.61799621582031,1.0,True
990,0,26,0,2.1430225372314453,0.9907972812652588,True
4238,0,26,0,16.304420471191406,1.0,True
1103,0,26,0,23.66417121887207,1.0,True
2886,0,26,0,16.189014434814453,1.0,True
18,0,26,0,33.58769989013672,1.0,True
1936,0,26,0,9.604742050170898,1.0,True
2632,0,26,0,41.604644775390625,1.0,True
2919,0,26,0,4.540647983551025,0.9999264478683472,True
3707,0,26,0,28.507904052734375,1.0,True
2649,0,26,0,5.791499614715576,0.9999932050704956,True
624,0,26,0,33.437686920166016,1.0,True
98,0,26,0,32.657535552978516,1.0,True
499,0,26,0,32.46426773071289,1.0,True
2836,0,26,0,34.45077133178711,1.0,True
2650,0,26,0,13.19543170928955,1.0,True
2829,0,26,0,9.841302871704102,1.0,True
4227,0,26,0,52.92503356933594,1.0,True
3681,0,26,0,13.154500961303711,1.0,True
1091,0,26,0,33.58769989013672,1.0,True
993,0,26,0,22.19069480895996,1.0,True
1874,0,26,0,12.136933326721191,1.0,True
4237,0,26,0,12.936971664428711,1.0,True
4283,0,26,0,26.91996955871582,1.0,True
423,0,26,0,24.758996963500977,1.0,True
2408,0,26,0,15.066953659057617,1.0,True
99,0,26,0,27.559814453125,1.0,True
1393,0,26,0,45.27613830566406,1.0,True
3761,0,26,0,18.37596893310547,1.0,True
2547,0,26,0,22.8203125,1.0,True
3382,0,26,0,31.00321388244629,1.0,True
950,0,26,0,41.604644775390625,1.0,True
3127,0,26,0,24.89546775817871,1.0,True
3416,0,26,0,18.283084869384766,1.0,True
858,0,26,0,10.836028099060059,1.0,True
3136,0,26,0,15.445450782775879,1.0,True
1434,0,26,0,27.261333465576172,1.0,True
2606,0,26,0,13.045413970947266,1.0,True
3163,0,26,0,33.48904800415039,1.0,True
900,0,26,0,33.55415725708008,1.0,True
2346,0,26,0,28.145183563232422,1.0,True
2602,0,26,0,32.6391716003418,1.0,True
2543,0,26,0,43.21134567260742,1.0,True
708,0,26,0,9.795745849609375,1.0,True
3172,0,26,0,42.11992263793945,1.0,True
737,0,26,0,12.979755401611328,1.0,True
926,0,26,0,58.52193069458008,1.0,True
3935,0,26,0,44.25343322753906,1.0,True
3346,0,26,0,37.91877365112305,1.0,True
4185,0,26,0,36.79487991333008,1.0,True
4060,0,26,0,28.260072708129883,1.0,True
4100,0,26,0,15.005725860595703,1.0,True
1647,0,26,0,7.867116928100586,0.9999998807907104,True
1345,0,26,0,83.0769271850586,1.0,True
1342,0,26,0,33.43775939941406,1.0,True
3195,0,26,0,27.295944213867188,1.0,True
1476,0,26,0,8.82376766204834,1.0,True
1628,0,26,0,44.54143524169922,1.0,True
3355,0,26,0,28.14518165588379,1.0,True
3412,0,26,0,53.99795150756836,1.0,True
3580,0,26,0,-0.02743716537952423,0.5826418995857239,True
152,0,26,0,25.39248275756836,1.0,True
1803,0,26,0,37.24092483520508,1.0,True
1545,0,26,0,13.680169105529785,1.0,True
271,0,26,0,6.034621238708496,0.9999959468841553,True
1213,0,26,0,37.15709686279297,1.0,True
31,0,26,0,28.00636100769043,1.0,True
1501,0,26,0,53.99795150756836,1.0,True
4159,0,26,0,16.95307159423828,1.0,True
679,0,26,0,17.774324417114258,1.0,True
1783,0,26,0,48.894508361816406,1.0,True
3475,0,26,0,30.507282257080078,1.0,True
3260,0,26,0,14.137617111206055,1.0,True
3259,0,26,0,13.195430755615234,1.0,True
3027,0,26,0,12.991191864013672,1.0,True
953,0,26,0,16.93040657043457,1.0,True
2351,0,26,0,35.98186492919922,1.0,True
3950,0,26,0,32.286563873291016,1.0,True
1740,0,26,0,56.48504638671875,1.0,True
3586,0,26,0,27.197589874267578,1.0,True
1732,0,26,0,34.45077133178711,1.0,True
1733,0,26,0,25.993206024169922,1.0,True
2182,0,26,0,23.92823600769043,1.0,True
1413,0,26,0,19.137868881225586,1.0,True
1615,0,26,0,13.195429801940918,1.0,True
1579,0,26,0,32.6391716003418,1.0,True
2626,0,26,0,14.24678897857666,1.0,True
2555,0,26,0,32.03522491455078,1.0,True
1337,0,27,0,39.20790100097656,1.0,True
830,0,27,0,33.15013885498047,1.0,True
2226,0,27,0,25.185937881469727,1.0,True
571,0,27,0,38.91495132446289,1.0,True
1340,0,27,0,13.059917449951172,1.0,True
3299,0,27,0,24.60440444946289,1.0,True
3991,0,27,0,27.842233657836914,1.0,True
2021,0,27,0,20.329458236694336,1.0,True
2029,0,27,0,15.021034240722656,1.0,True
3993,0,27,0,16.466886520385742,1.0,True
3011,0,27,0,25.074901580810547,1.0,True
3741,0,27,0,54.04035186767578,1.0,True
522,0,27,0,15.15329360961914,1.0,True
2105,0,27,0,40.422027587890625,1.0,True
274,0,27,0,9.876460075378418,1.0,True
2103,0,27,0,24.5069580078125,1.0,True
1403,0,27,0,17.375150680541992,1.0,True
1388,0,27,0,34.81735610961914,1.0,True
3389,0,27,0,26.14788818359375,1.0,True
3952,0,27,0,15.483902931213379,1.0,True
534,0,27,0,35.66852951049805,1.0,True
2562,0,27,0,7.830960273742676,0.9999998807907104,True
3384,0,27,0,53.09136962890625,1.0,True
442,0,27,0,15.350947380065918,1.0,True
3421,0,27,0,47.38151550292969,1.0,True
2752,0,27,0,15.118971824645996,1.0,True
159,0,27,0,13.059919357299805,1.0,True
2395,0,27,0,36.01456832885742,1.0,True
1346,0,27,0,16.0207576751709,1.0,True
1074,0,27,0,25.586576461791992,1.0,True
555,0,27,0,1.739575743675232,0.9760787487030029,True
3989,0,27,0,15.798486709594727,1.0,True
1422,0,27,0,18.837919235229492,1.0,True
3742,0,27,0,24.926883697509766,1.0,True
3716,0,27,0,19.683805465698242,1.0,True
1684,0,27,0,15.572936058044434,1.0,True
463,0,27,0,20.347957611083984,1.0,True
501,0,27,0,12.259309768676758,1.0,True
4117,0,27,0,39.4516487121582,1.0,True
1697,0,27,0,2.4719409942626953,0.9943986535072327,True
722,0,27,0,35.8697395324707,1.0,True
640,0,27,0,2.4238436222076416,0.9927748441696167,True
2941,0,27,0,18.153234481811523,1.0,True
703,0,27,0,11.915334701538086,1.0,True
1741,0,27,0,24.20380210876465,1.0,True
4112,0,27,0,10.90985107421875,1.0,True
3599,0,27,0,16.66802215576172,1.0,True
2960,0,27,0,34.49317169189453,1.0,True
3665,0,27,0,26.240982055664062,1.0,True
1752,0,27,0,34.64247131347656,1.0,True
1762,0,27,0,40.86968231201172,1.0,True
3023,0,27,0,36.84294509887695,1.0,True
2286,0,27,0,20.484760284423828,1.0,True
3656,0,27,0,1.6362051963806152,0.9743927717208862,True
1825,0,27,0,22.59617042541504,1.0,True
2992,0,27,0,27.835620880126953,1.0,True
956,0,27,0,26.508943557739258,1.0,True
1919,0,27,0,8.396401405334473,1.0,True
2367,0,27,0,19.966733932495117,1.0,True
2497,0,27,0,35.28146743774414,1.0,True
3234,0,27,0,10.816690444946289,1.0,True
4050,0,27,0,11.857954025268555,1.0,True
45,0,27,0,39.616451263427734,1.0,True
4069,0,27,0,39.11688232421875,1.0,True
2578,0,27,0,11.20510196685791,1.0,True
1281,0,27,0,18.809513092041016,1.0,True
3795,0,27,0,25.346527099609375,1.0,True
135,0,27,0,41.99007797241211,1.0,True
1118,0,27,0,42.62906265258789,1.0,True
2439,0,27,0,26.693706512451172,1.0,True
2647,0,27,0,19.6557674407959,1.0,True
3494,0,27,0,28.961294174194336,1.0,True
1312,0,27,0,44.266761779785156,1.0,True
2894,0,27,0,34.9845085144043,1.0,True
3489,0,27,0,18.19550132751465,1.0,True
2917,0,27,0,26.14788818359375,1.0,True
1929,0,27,0,10.079835891723633,1.0,True
4255,0,27,0,9.372109413146973,1.0,True
2590,0,27,0,18.928630828857422,1.0,True
794,0,27,0,40.75178146362305,1.0,True
2409,0,28,0,19.65304183959961,1.0,True
2533,0,28,0,51.7849006652832,1.0,True
281,0,28,0,30.331342697143555,1.0,True
2316,0,28,0,31.360157012939453,1.0,True
2338,0,28,0,40.07554626464844,1.0,True
2250,0,28,0,51.70107650756836,1.0,True
2246,0,28,0,23.579256057739258,1.0,True
2328,0,28,0,18.015033721923828,1.0,True
2635,0,28,0,57.23940658569336,1.0,True
2349,0,28,0,19.449321746826172,1.0,True
517,0,28,0,29.357646942138672,1.0,True
2691,0,28,0,22.690685272216797,1.0,True
449,0,28,0,20.09871482849121,1.0,True
1051,0,28,0,20.693506240844727,1.0,True
3749,0,28,0,20.110166549682617,1.0,True
1073,0,28,0,14.69776725769043,1.0,True
3732,0,28,0,9.507909774780273,1.0,True
3730,0,28,0,10.12193775177002,1.0,True
1194,0,28,0,62.118408203125,1.0,True
1196,0,28,0,42.18760681152344,1.0,True
114,0,28,0,9.761913299560547,1.0,True
3591,0,28,0,57.9172477722168,1.0,True
1231,0,28,0,11.093391418457031,1.0,True
1268,0,28,0,30.8326416015625,1.0,True
3532,0,28,0,9.273255348205566,1.0,True
1297,0,28,0,4.625474452972412,0.999935507774353,True
1300,0,28,0,35.52711868286133,1.0,True
1308,0,28,0,27.490083694458008,1.0,True
3485,0,28,0,20.69066047668457,1.0,True
1333,0,28,0,57.9172477722168,1.0,True
2688,0,28,0,8.485443115234375,1.0,True
3459,0,28,0,19.60359001159668,1.0,True
3438,0,28,0,18.259035110473633,1.0,True
3423,0,28,0,37.52083969116211,1.0,True
1389,0,28,0,36.45750045776367,1.0,True
1007,0,28,0,29.714908599853516,1.0,True
451,0,28,0,50.46251678466797,1.0,True
3803,0,28,0,14.508692741394043,1.0,True
3816,0,28,0,60.761173248291016,1.0,True
10,0,28,0,22.64297866821289,1.0,True
525,0,28,0,6.599860668182373,0.9999986886978149,True
530,0,28,0,22.075237274169922,1.0,True
4319,0,28,0,20.4320125579834,1.0,True
4300,0,28,0,57.9172477722168,1.0,True
4290,0,28,0,27.845399856567383,1.0,True
502,0,28,0,7.204310894012451,0.9999996423721313,True
642,0,28,0,21.783443450927734,1.0,True
645,0,28,0,24.344640731811523,1.0,True
698,0,28,0,51.3499870300293,1.0,True
702,0,28,0,35.8184928894043,1.0,True
1397,0,28,0,19.760356903076172,1.0,True
488,0,28,0,42.60532760620117,1.0,True
733,0,28,0,22.47059440612793,1.0,True
471,0,28,0,42.65504837036133,1.0,True
804,0,28,0,51.60719299316406,1.0,True
4025,0,28,0,42.473262786865234,1.0,True
832,0,28,0,8.400360107421875,1.0,True
849,0,28,0,10.429694175720215,1.0,True
879,0,28,0,9.925145149230957,1.0,True
459,0,28,0,39.060325622558594,1.0,True
3904,0,28,0,9.310323715209961,1.0,True
82,0,28,0,42.511444091796875,1.0,True
3823,0,28,0,27.806577682495117,1.0,True
727,0,28,0,41.75269317626953,1.0,True
3366,0,28,0,52.20121383666992,1.0,True
3460,0,28,0,30.8326416015625,1.0,True
2402,0,28,0,47.72217559814453,1.0,True
1948,0,28,0,57.15557861328125,1.0,True
1907,0,28,0,57.155582427978516,1.0,True
1899,0,28,0,1.4995862245559692,0.9648407101631165,True
327,0,28,0,52.37892532348633,1.0,True
1498,0,28,0,62.20222854614258,1.0,True
2844,0,28,0,42.42761993408203,1.0,True
2837,0,28,0,19.046846389770508,1.0,True
3057,0,28,0,0.9732732176780701,0.9151739478111267,True
2003,0,28,0,42.0098991394043,1.0,True
2825,0,28,0,19.910322189331055,1.0,True
2800,0,28,0,16.486940383911133,1.0,True
1694,0,28,0,51.3499870300293,1.0,True
3143,0,28,0,41.75269317626953,1.0,True
1672,0,28,0,10.919918060302734,1.0,True
2779,0,28,0,22.354782104492188,1.0,True
2781,0,28,0,35.8184928894043,1.0,True
232,0,28,0,50.8121452331543,1.0,True
1642,0,28,0,42.103782653808594,1.0,True
190,0,28,0,5.885941505432129,0.999994158744812,True
363,0,28,0,21.7454776763916,1.0,True
2743,0,28,0,52.285037994384766,1.0,True
1612,0,28,0,52.604942321777344,1.0,True
1633,0,28,0,56.98219680786133,1.0,True
2751,0,28,0,1.3785240650177002,0.9489095211029053,True
379,0,28,0,61.440555572509766,1.0,True
193,0,28,0,77.25560760498047,1.0,True
3258,0,28,0,12.672221183776855,1.0,True
238,0,29,0,3.719294786453247,0.9995915293693542,True
2741,0,29,0,31.71637535095215,1.0,True
264,0,29,0,15.098669052124023,1.0,True
2680,0,29,0,11.866787910461426,1.0,True
2696,0,29,0,36.40779495239258,1.0,True
4005,0,29,0,34.227779388427734,1.0,True
2410,0,29,0,44.37211608886719,1.0,True
41,0,29,0,9.387860298156738,1.0,True
2803,0,29,0,66.70215606689453,1.0,True
4138,0,29,0,23.47193717956543,1.0,True
4177,0,29,0,31.708494186401367,1.0,True
2671,0,29,0,49.80827331542969,1.0,True
2891,0,29,0,14.405921936035156,1.0,True
2762,0,29,0,1.7392492294311523,0.9733145833015442,True
4284,0,29,0,11.169937133789062,1.0,True
4230,0,29,0,33.23253631591797,1.0,True
4044,0,29,0,34.389549255371094,1.0,True
2654,0,29,0,41.03825378417969,1.0,True
3303,0,29,0,18.042314529418945,1.0,True
2927,0,29,0,1.9568358659744263,0.9853901863098145,True
3305,0,29,0,41.358558654785156,1.0,True
3321,0,29,0,18.203575134277344,1.0,True
3400,0,29,0,16.209135055541992,1.0,True
3206,0,29,0,50.00279998779297,1.0,True
3205,0,29,0,14.917292594909668,1.0,True
3491,0,29,0,41.180850982666016,1.0,True
2588,0,29,0,41.03825378417969,1.0,True
3183,0,29,0,14.68263053894043,1.0,True
3179,0,29,0,22.576173782348633,1.0,True
3558,0,29,0,3.082167625427246,0.9986892342567444,True
3125,0,29,0,22.20625877380371,1.0,True
3623,0,29,0,34.268455505371094,1.0,True
204,0,29,0,41.6807975769043,1.0,True
2530,0,29,0,52.44712829589844,1.0,True
3102,0,29,0,36.678009033203125,1.0,True
3660,0,29,0,27.874141693115234,1.0,True
3074,0,29,0,33.24552917480469,1.0,True
3071,0,29,0,12.546330451965332,1.0,True
3070,0,29,0,7.555177688598633,0.9999998807907104,True
3062,0,29,0,23.985130310058594,1.0,True
3058,0,29,0,10.630378723144531,1.0,True
3050,0,29,0,23.203556060791016,1.0,True
2984,0,29,0,37.47142791748047,1.0,True
2982,0,29,0,9.849852561950684,1.0,True
2493,0,29,0,38.266353607177734,1.0,True
3881,0,29,0,8.535074234008789,1.0,True
3921,0,29,0,50.17747116088867,1.0,True
3970,0,29,0,44.737300872802734,1.0,True
2943,0,29,0,14.179181098937988,1.0,True
4336,0,29,0,23.497560501098633,1.0,True
1041,0,29,0,33.91415786743164,1.0,True
1322,0,29,0,39.25159454345703,1.0,True
1854,0,29,0,14.87028980255127,1.0,True
1843,0,29,0,7.369882106781006,0.9999997615814209,True
744,0,29,0,4.894862174987793,0.9999529123306274,True
2166,0,29,0,27.699527740478516,1.0,True
2314,0,29,0,14.298367500305176,1.0,True
1821,0,29,0,34.026824951171875,1.0,True
1429,0,29,0,24.354326248168945,1.0,True
2172,0,29,0,5.333513259887695,0.9999850988388062,True
1303,0,29,0,15.09185791015625,1.0,True
1816,0,29,0,41.706031799316406,1.0,True
460,0,29,0,9.849851608276367,1.0,True
1493,0,29,0,17.248554229736328,1.0,True
1510,0,29,0,5.858257293701172,0.999994158744812,True
854,0,29,0,23.458948135375977,1.0,True
1583,0,29,0,24.499366760253906,1.0,True
1603,0,29,0,31.345773696899414,1.0,True
2215,0,29,0,52.22248840332031,1.0,True
1698,0,29,0,15.096973419189453,1.0,True
1663,0,29,0,13.769469261169434,1.0,True
764,0,29,0,50.17747116088867,1.0,True
1295,0,29,0,9.469705581665039,1.0,True
1371,0,29,0,22.043840408325195,1.0,True
2001,0,29,0,26.10973358154297,1.0,True
1008,0,29,0,8.590110778808594,1.0,True
409,0,29,0,21.756309509277344,1.0,True
1999,0,29,0,3.166733980178833,0.9988896250724792,True
1291,0,29,0,18.69811248779297,1.0,True
2137,0,29,0,32.43622589111328,1.0,True
982,0,29,0,19.552589416503906,1.0,True
989,0,29,0,66.70216369628906,1.0,True
2055,0,29,0,44.52391815185547,1.0,True
2037,0,29,0,37.16456985473633,1.0,True
1217,0,29,0,49.67241287231445,1.0,True
780,0,30,0,31.768218994140625,1.0,True
3083,0,30,0,22.805011749267578,1.0,True
672,0,30,0,17.806602478027344,1.0,True
3091,0,30,0,95.98927307128906,1.0,True
4068,0,30,0,21.760597229003906,1.0,True
1945,0,30,0,45.551517486572266,1.0,True
4072,0,30,0,16.781639099121094,1.0,True
1721,0,30,0,6.530294418334961,0.9999984502792358,True
2778,0,30,0,21.30472183227539,1.0,True
3112,0,30,0,40.77581024169922,1.0,True
3116,0,30,0,28.066457748413086,1.0,True
782,0,30,0,18.9526424407959,1.0,True
788,0,30,0,80.83502197265625,1.0,True
2746,0,30,0,71.10553741455078,1.0,True
641,0,30,0,15.878667831420898,1.0,True
49,0,30,0,27.424427032470703,1.0,True
3093,0,30,0,22.975574493408203,1.0,True
4066,0,30,0,14.908527374267578,1.0,True
349,0,30,0,72.29358673095703,1.0,True
1809,0,30,0,13.88012981414795,1.0,True
1939,0,30,0,70.57820129394531,1.0,True
2872,0,30,0,49.74951171875,1.0,True
486,0,30,0,18.790531158447266,1.0,True
2950,0,30,0,26.636934280395508,1.0,True
1847,0,30,0,17.709884643554688,1.0,True
2969,0,30,0,38.667903900146484,1.0,True
2860,0,30,0,28.770593643188477,1.0,True
1842,0,30,0,71.10553741455078,1.0,True
1837,0,30,0,27.43104362487793,1.0,True
678,0,30,0,5.258341312408447,0.9999814033508301,True
1688,0,30,0,21.702205657958984,1.0,True
2988,0,30,0,27.43104362487793,1.0,True
1975,0,30,0,14.102662086486816,1.0,True
2843,0,30,0,40.691986083984375,1.0,True
4097,0,30,0,28.62509536743164,1.0,True
1995,0,30,0,12.6284818649292,1.0,True
674,0,30,0,18.431888580322266,1.0,True
1819,0,30,0,70.67061614990234,1.0,True
337,0,30,0,14.137479782104492,1.0,True
3066,0,30,0,34.238800048828125,1.0,True
811,0,30,0,22.01317596435547,1.0,True
3243,0,30,0,27.4244327545166,1.0,True
3178,0,30,0,31.942859649658203,1.0,True
3436,0,30,0,21.028514862060547,1.0,True
904,0,30,0,24.40972328186035,1.0,True
3450,0,30,0,20.448833465576172,1.0,True
3462,0,30,0,20.448833465576172,1.0,True
916,0,30,0,39.44780349731445,1.0,True
140,0,30,0,34.86094665527344,1.0,True
3890,0,30,0,2.101611375808716,0.9872662425041199,True
1301,0,30,0,8.034371376037598,0.9999998807907104,True
1289,0,30,0,27.881694793701172,1.0,True
3548,0,30,0,24.74079132080078,1.0,True
456,0,30,0,61.82223129272461,1.0,True
951,0,30,0,31.002220153808594,1.0,True
1263,0,30,0,76.4762191772461,1.0,True
1259,0,30,0,54.78950119018555,1.0,True
3830,0,30,0,33.42058181762695,1.0,True
416,0,30,0,23.212051391601562,1.0,True
3621,0,30,0,70.77578735351562,1.0,True
1181,0,30,0,25.716455459594727,1.0,True
984,0,30,0,24.740793228149414,1.0,True
3680,0,30,0,16.612239837646484,1.0,True
3695,0,30,0,26.537309646606445,1.0,True
3804,0,30,0,9.37291431427002,1.0,True
1147,0,30,0,28.362083435058594,1.0,True
94,0,30,0,33.26683807373047,1.0,True
3727,0,30,0,21.618000030517578,1.0,True
3426,0,30,0,61.50823974609375,1.0,True
1675,0,30,0,77.15406799316406,1.0,True
3425,0,30,0,2.643739700317383,0.9969118237495422,True
1379,0,30,0,11.055389404296875,1.0,True
1644,0,30,0,30.050256729125977,1.0,True
1623,0,30,0,61.28235626220703,1.0,True
1613,0,30,0,1.578184962272644,0.9699497222900391,True
816,0,30,0,42.0877799987793,1.0,True
3222,0,30,0,1.8311092853546143,0.981357753276825,True
2700,0,30,0,77.15406036376953,1.0,True
839,0,30,0,15.162084579467773,1.0,True
3249,0,30,0,76.4762191772461,1.0,True
3263,0,30,0,20.896411895751953,1.0,True
3267,0,30,0,20.705881118774414,1.0,True
377,0,30,0,27.50078010559082,1.0,True
847,0,30,0,0.27767348289489746,0.7019777297973633,True
382,0,30,0,36.426368713378906,1.0,True
3311,0,30,0,81.19310760498047,1.0,True
3313,0,30,0,30.392751693725586,1.0,True
3323,0,30,0,35.104400634765625,1.0,True
3327,0,30,0,51.13744354248047,1.0,True
160,0,30,0,21.22863006591797,1.0,True
3347,0,30,0,34.79585266113281,1.0,True
2397,0,30,0,31.056163787841797,1.0,True
71,0,30,0,76.21900939941406,1.0,True
3357,0,30,0,28.995803833007812,1.0,True
396,0,30,0,15.266931533813477,1.0,True
1426,0,30,0,21.144807815551758,1.0,True
1412,0,30,0,7.310884952545166,0.9999996423721313,True
897,0,30,0,10.889333724975586,1.0,True
2101,0,30,0,30.75547218322754,1.0,True
2405,0,30,0,7.788194179534912,0.9999998807907104,True
2327,0,30,0,25.400747299194336,1.0,True
2206,0,30,0,7.478480339050293,0.9999997615814209,True
2427,0,30,0,0.00825856626033783,0.5831474661827087,True
578,0,30,0,69.94579315185547,1.0,True
2305,0,30,0,30.546085357666016,1.0,True
2380,0,30,0,11.658793449401855,1.0,True
558,0,30,0,76.21900939941406,1.0,True
2620,0,30,0,15.08431625366211,1.0,True
2271,0,30,0,13.820560455322266,1.0,True
4254,0,30,0,71.60567474365234,1.0,True
2355,0,30,0,35.315948486328125,1.0,True
2267,0,30,0,35.113006591796875,1.0,True
2388,0,30,0,70.34086608886719,1.0,True
4321,0,30,0,36.09101104736328,1.0,True
4268,0,30,0,31.11819839477539,1.0,True
620,0,30,0,7.113095760345459,0.9999995231628418,True
2242,0,30,0,75.5411605834961,1.0,True
2693,0,30,0,14.212212562561035,1.0,True
2257,0,30,0,8.026060104370117,0.9999998807907104,True
4244,0,30,0,44.21943283081055,1.0,True
2646,0,31,0,11.358016967773438,1.0,True
151,0,31,0,22.714717864990234,1.0,True
891,0,31,0,16.081363677978516,1.0,True
3036,0,31,0,21.695283889770508,1.0,True
3046,0,31,0,23.249040603637695,1.0,True
3387,0,31,0,35.43303298950195,1.0,True
1765,0,31,0,14.727359771728516,1.0,True
2648,0,31,0,12.1897554397583,1.0,True
3603,0,31,0,22.264562606811523,1.0,True
237,0,31,0,38.11974334716797,1.0,True
3825,0,31,0,16.433727264404297,1.0,True
735,0,31,0,29.844581604003906,1.0,True
2437,0,31,0,29.844581604003906,1.0,True
1748,0,31,0,14.44160270690918,1.0,True
4088,0,31,0,20.419483184814453,1.0,True
1384,0,31,0,9.69719123840332,1.0,True
3024,0,31,0,7.270041465759277,0.9999996423721313,True
1380,0,31,0,20.522781372070312,1.0,True
80,0,31,0,18.973957061767578,1.0,True
3884,0,31,0,45.61833953857422,1.0,True
16,0,31,0,9.479792594909668,1.0,True
1829,0,31,0,4.9283528327941895,0.9999643564224243,True
2469,0,31,0,34.11177062988281,1.0,True
2907,0,31,0,41.05719757080078,1.0,True
2956,0,31,0,20.969106674194336,1.0,True
1823,0,31,0,25.53730010986328,1.0,True
1822,0,31,0,28.06385612487793,1.0,True
2902,0,31,0,16.608680725097656,1.0,True
3877,0,31,0,10.511382102966309,1.0,True
79,0,31,0,7.111485481262207,0.9999995231628418,True
282,0,31,0,28.5473575592041,1.0,True
1440,0,31,0,30.8561954498291,1.0,True
1895,0,31,0,12.941129684448242,1.0,True
3424,0,31,0,22.771221160888672,1.0,True
559,0,31,0,28.51723289489746,1.0,True
455,0,31,0,17.863893508911133,1.0,True
3841,0,31,0,13.619668960571289,1.0,True
2450,0,31,0,32.92684555053711,1.0,True
3362,0,31,0,22.023775100708008,1.0,True
1443,0,31,0,11.425175666809082,1.0,True
464,0,31,0,20.517902374267578,1.0,True
4021,0,31,0,21.504798889160156,1.0,True
3158,0,31,0,59.20132064819336,1.0,True
3984,0,31,0,2.223343849182129,0.9909898042678833,True
2274,0,31,0,30.867998123168945,1.0,True
1513,0,31,0,18.878637313842773,1.0,True
1562,0,31,0,12.013431549072266,1.0,True
1531,0,31,0,39.49312210083008,1.0,True
3276,0,31,0,31.388437271118164,1.0,True
2007,0,31,0,20.570486068725586,1.0,True
2385,0,31,0,7.852025985717773,0.9999998807907104,True
3980,0,31,0,28.610652923583984,1.0,True
1115,0,31,0,39.05852127075195,1.0,True
3719,0,31,0,22.525291442871094,1.0,True
569,0,31,0,4.079824924468994,0.9997922778129578,True
841,0,31,0,27.871183395385742,1.0,True
1071,0,31,0,18.35519027709961,1.0,True
3111,0,31,0,39.77849578857422,1.0,True
2699,0,31,0,28.785324096679688,1.0,True
420,0,31,0,18.46240997314453,1.0,True
1155,0,31,0,1.4439767599105835,0.9598226547241211,True
4215,0,31,0,59.049522399902344,1.0,True
3769,0,31,0,43.55411911010742,1.0,True
1069,0,31,0,6.225804328918457,0.999997615814209,True
1564,0,31,0,17.074010848999023,1.0,True
371,0,31,0,35.79100036621094,1.0,True
2510,0,31,0,8.38601016998291,1.0,True
2571,0,32,0,44.60434341430664,1.0,True
1578,0,32,0,44.218658447265625,1.0,True
1327,0,32,0,26.989505767822266,1.0,True
609,0,32,0,44.946834564208984,1.0,True
366,0,32,0,13.908203125,1.0,True
1352,0,32,0,44.5942268371582,1.0,True
1638,0,32,0,44.5942268371582,1.0,True
3478,0,32,0,24.378358840942383,1.0,True
4017,0,32,0,24.15355110168457,1.0,True
2235,0,32,0,14.977352142333984,1.0,True
3176,0,32,0,43.89711380004883,1.0,True
261,0,32,0,45.60756301879883,1.0,True
3506,0,32,0,44.5942268371582,1.0,True
1439,0,32,0,12.961555480957031,1.0,True
156,0,32,0,20.726411819458008,1.0,True
1436,0,32,0,6.503592014312744,0.9999984502792358,True
2505,0,32,0,2.3187804222106934,0.992000937461853,True
3110,0,32,0,31.09716033935547,1.0,True
2512,0,32,0,36.47474670410156,1.0,True
2309,0,32,0,30.006196975708008,1.0,True
1459,0,32,0,45.47434616088867,1.0,True
785,0,32,0,12.577319145202637,1.0,True
388,0,32,0,14.52604866027832,1.0,True
799,0,32,0,30.677108764648438,1.0,True
3129,0,32,0,0.32219332456588745,0.689118504524231,True
4040,0,32,0,40.617637634277344,1.0,True
1695,0,32,0,14.430098533630371,1.0,True
2294,0,32,0,22.79994010925293,1.0,True
1772,0,32,0,44.540016174316406,1.0,True
1487,0,32,0,50.391231536865234,1.0,True
3301,0,32,0,9.772658348083496,1.0,True
3434,0,32,0,16.969449996948242,1.0,True
2484,0,32,0,54.565921783447266,1.0,True
2151,0,32,0,40.577178955078125,1.0,True
3515,0,32,0,14.60477066040039,1.0,True
355,0,32,0,23.862560272216797,1.0,True
684,0,32,0,40.03226852416992,1.0,True
3664,0,32,0,45.12173843383789,1.0,True
696,0,32,0,12.400101661682129,1.0,True
2898,0,32,0,44.74617004394531,1.0,True
492,0,32,0,30.917451858520508,1.0,True
1122,0,32,0,20.297264099121094,1.0,True
1129,0,32,0,12.952455520629883,1.0,True
125,0,32,0,35.536128997802734,1.0,True
612,0,32,0,44.946834564208984,1.0,True
2912,0,32,0,17.813390731811523,1.0,True
2051,0,32,0,40.5311393737793,1.0,True
661,0,32,0,24.203689575195312,1.0,True
1163,0,32,0,7.688490390777588,0.9999998807907104,True
1241,0,32,0,43.97407913208008,1.0,True
3840,0,32,0,44.76913070678711,1.0,True
3682,0,32,0,1.400231957435608,0.9590789675712585,True
2791,0,32,0,36.048179626464844,1.0,True
493,0,32,0,21.839229583740234,1.0,True
2659,0,32,0,31.13338279724121,1.0,True
2048,0,32,0,25.18425178527832,1.0,True
2356,0,32,0,45.12173843383789,1.0,True
940,0,32,0,45.11162185668945,1.0,True
1216,0,32,0,30.612943649291992,1.0,True
2123,0,32,0,12.103827476501465,1.0,True
2815,0,32,0,13.867818832397461,1.0,True
2936,0,32,0,45.067527770996094,1.0,True
2113,0,32,0,64.17021179199219,1.0,True
3530,0,32,0,6.286521911621094,0.9999977350234985,True
2124,0,32,0,49.62955856323242,1.0,True
1197,0,32,0,30.702056884765625,1.0,True
4241,0,32,0,44.74617004394531,1.0,True
2862,0,32,0,31.08889389038086,1.0,True
1171,0,32,0,19.00111198425293,1.0,True
705,0,32,0,45.11162185668945,1.0,True
1924,0,32,0,58.66638946533203,1.0,True
2341,0,32,0,16.108417510986328,1.0,True
2434,0,32,0,21.905099868774414,1.0,True
3821,0,32,0,37.716033935546875,1.0,True
4295,0,33,0,38.98140335083008,1.0,True
3339,0,33,0,38.83879852294922,1.0,True
390,0,33,0,34.89250946044922,1.0,True
472,0,33,0,21.989038467407227,1.0,True
3122,0,33,0,15.898483276367188,1.0,True
2786,0,33,0,56.02055358886719,1.0,True
3101,0,33,0,32.43919372558594,1.0,True
3098,0,33,0,14.445159912109375,1.0,True
4190,0,33,0,62.6059455871582,1.0,True
2014,0,33,0,2.8988962173461914,0.9981727600097656,True
4265,0,33,0,14.549824714660645,1.0,True
3138,0,33,0,32.80191421508789,1.0,True
2557,0,33,0,33.301788330078125,1.0,True
369,0,33,0,4.2388386726379395,0.9998599290847778,True
500,0,33,0,59.86409378051758,1.0,True
4286,0,33,0,4.473720073699951,0.9999262094497681,True
241,0,33,0,28.721376419067383,1.0,True
644,0,33,0,18.270566940307617,1.0,True
1079,0,33,0,32.12822341918945,1.0,True
2077,0,33,0,27.0747127532959,1.0,True
3986,0,33,0,4.873752117156982,0.9999637603759766,True
1002,0,33,0,18.934467315673828,1.0,True
1640,0,33,0,32.03889465332031,1.0,True
2074,0,33,0,38.969749450683594,1.0,True
2387,0,33,0,26.99299430847168,1.0,True
3718,0,33,0,24.53106689453125,1.0,True
1101,0,33,0,32.544219970703125,1.0,True
999,0,33,0,35.46525573730469,1.0,True
1669,0,33,0,31.985626220703125,1.0,True
2776,0,33,0,14.080921173095703,1.0,True
2818,0,33,0,32.01366424560547,1.0,True
2290,0,33,0,43.339412689208984,1.0,True
1491,0,33,0,17.645790100097656,1.0,True
987,0,33,0,32.801918029785156,1.0,True
668,0,33,0,28.213905334472656,1.0,True
3325,0,33,0,58.914188385009766,1.0,True
1207,0,33,0,28.213905334472656,1.0,True
3998,0,33,0,32.80191421508789,1.0,True
1209,0,33,0,32.51898956298828,1.0,True
2863,0,33,0,32.80191421508789,1.0,True
3536,0,33,0,32.51898956298828,1.0,True
263,0,33,0,39.27070999145508,1.0,True
2653,0,33,0,32.544219970703125,1.0,True
1786,0,33,0,45.61355972290039,1.0,True
4094,0,33,0,62.6059455871582,1.0,True
1959,0,33,0,16.57252311706543,1.0,True
3587,0,33,0,8.365214347839355,1.0,True
1848,0,33,0,32.43919372558594,1.0,True
2940,0,33,0,27.170574188232422,1.0,True
3542,0,33,0,49.99253845214844,1.0,True
1335,0,33,0,59.86409378051758,1.0,True
2139,0,33,0,33.81317901611328,1.0,True
742,0,33,0,45.624176025390625,1.0,True
1354,0,33,0,32.859039306640625,1.0,True
1273,0,33,0,6.158828258514404,0.9999970197677612,True
2963,0,33,0,46.14580535888672,1.0,True
1401,0,33,0,43.339412689208984,1.0,True
697,0,33,0,19.46100616455078,1.0,True
2937,0,33,0,23.0749568939209,1.0,True
4081,0,33,0,9.39410400390625,1.0,True
3030,0,33,0,40.168277740478516,1.0,True
890,0,33,0,36.438018798828125,1.0,True
3927,0,33,0,6.851589202880859,0.9999992847442627,True
3597,0,33,0,45.6387939453125,1.0,True
2853,0,33,0,45.47096252441406,1.0,True
1210,0,33,0,43.50419616699219,1.0,True
25,0,33,0,26.999610900878906,1.0,True
3368,0,33,0,11.291723251342773,1.0,True
2609,0,33,0,32.51898956298828,1.0,True
2199,0,33,0,11.390987396240234,1.0,True
3941,0,33,0,39.166168212890625,1.0,True
730,0,33,0,32.37639236450195,1.0,True
406,0,34,0,37.350730895996094,1.0,True
3768,0,34,0,63.8310432434082,1.0,True
2468,0,34,0,26.3365421295166,1.0,True
2546,0,34,0,26.241867065429688,1.0,True
1043,0,34,0,9.337170600891113,1.0,True
3541,0,34,0,39.16874313354492,1.0,True
3750,0,34,0,2.7898313999176025,0.997683048248291,True
3507,0,34,0,40.91858673095703,1.0,True
3500,0,34,0,18.98165512084961,1.0,True
1035,0,34,0,23.01953125,1.0,True
3713,0,34,0,11.587440490722656,1.0,True
2249,0,34,0,38.40196228027344,1.0,True
548,0,34,0,24.80369758605957,1.0,True
2256,0,34,0,64.44237518310547,1.0,True
3913,0,34,0,66.37759399414062,1.0,True
1117,0,34,0,30.393009185791016,1.0,True
881,0,34,0,64.26747131347656,1.0,True
2308,0,34,0,59.31310272216797,1.0,True
2361,0,34,0,63.45869827270508,1.0,True
3836,0,34,0,30.358797073364258,1.0,True
1410,0,34,0,32.62074279785156,1.0,True
1154,0,34,0,32.606964111328125,1.0,True
3590,0,34,0,32.571170806884766,1.0,True
3676,0,34,0,13.797707557678223,1.0,True
1472,0,34,0,26.981151580810547,1.0,True
4293,0,34,0,63.914859771728516,1.0,True
3315,0,34,0,29.51313018798828,1.0,True
3406,0,34,0,36.09735107421875,1.0,True
3846,0,34,0,6.990426063537598,0.9999995231628418,True
4299,0,34,0,59.50092315673828,1.0,True
2491,0,34,0,7.593571662902832,0.9999998807907104,True
2325,0,34,0,24.124862670898438,1.0,True
2289,0,34,0,28.347877502441406,1.0,True
3857,0,34,0,10.426709175109863,1.0,True
2537,0,34,0,63.914859771728516,1.0,True
1523,0,34,0,24.497295379638672,1.0,True
996,0,34,0,54.67018127441406,1.0,True
1272,0,34,0,26.80268096923828,1.0,True
1533,0,34,0,32.65962219238281,1.0,True
3979,0,34,0,26.291667938232422,1.0,True
3514,0,34,0,64.18364715576172,1.0,True
2104,0,34,0,4.395785808563232,0.9999023675918579,True
2985,0,34,0,39.601200103759766,1.0,True
1977,0,34,0,63.657657623291016,1.0,True
359,0,34,0,24.460493087768555,1.0,True
2135,0,34,0,59.31310272216797,1.0,True
4158,0,34,0,34.83059310913086,1.0,True
299,0,34,0,37.66468811035156,1.0,True
2873,0,34,0,12.048568725585938,1.0,True
2757,0,34,0,20.5994873046875,1.0,True
233,0,34,0,29.946086883544922,1.0,True
2915,0,34,0,20.998126983642578,1.0,True
2916,0,34,0,13.408024787902832,1.0,True
3137,0,34,0,64.34843444824219,1.0,True
3131,0,34,0,19.8071231842041,1.0,True
317,0,34,0,64.26747131347656,1.0,True
650,0,34,0,18.741836547851562,1.0,True
3123,0,34,0,56.035072326660156,1.0,True
2145,0,34,0,43.140316009521484,1.0,True
740,0,34,0,7.484128475189209,0.9999997615814209,True
2114,0,34,0,27.97471046447754,1.0,True
2644,0,34,0,27.494192123413086,1.0,True
581,0,34,0,64.86150360107422,1.0,True
4250,0,34,0,15.640008926391602,1.0,True
1728,0,34,0,32.575584411621094,1.0,True
2623,0,34,0,13.480924606323242,1.0,True
601,0,34,0,14.09028148651123,1.0,True
3020,0,34,0,23.866209030151367,1.0,True
340,0,34,0,45.36912536621094,1.0,True
1866,0,34,0,64.7111587524414,1.0,True
4166,0,34,0,34.461387634277344,1.0,True
2064,0,34,0,27.63532066345215,1.0,True
1617,0,34,0,54.67018127441406,1.0,True
3199,0,34,0,66.37759399414062,1.0,True
2764,0,34,0,42.751853942871094,1.0,True
813,0,34,0,28.274879455566406,1.0,True
2111,0,34,0,12.682265281677246,1.0,True
2016,0,34,0,5.044557571411133,0.9999756813049316,True
244,0,34,0,50.23280715942383,1.0,True
2041,0,34,0,64.76761627197266,1.0,True
1618,0,34,0,8.02598762512207,1.0,True
2826,0,34,0,59.3029899597168,1.0,True
2784,0,34,0,23.588809967041016,1.0,True
1660,0,34,0,59.13820266723633,1.0,True
1377,0,35,0,8.594558715820312,1.0,True
4324,0,35,0,38.334266662597656,1.0,True
3472,0,35,0,5.959946632385254,0.9999960660934448,True
3026,0,35,0,48.08872985839844,1.0,True
3898,0,35,0,62.05023193359375,1.0,True
1177,0,35,0,40.37042236328125,1.0,True
2479,0,35,0,40.94572448730469,1.0,True
407,0,35,0,64.31988525390625,1.0,True
73,0,35,0,39.31116485595703,1.0,True
3686,0,35,0,46.710357666015625,1.0,True
1152,0,35,0,46.710357666015625,1.0,True
435,0,35,0,46.710357666015625,1.0,True
3439,0,35,0,20.738582611083984,1.0,True
2970,0,35,0,32.783382415771484,1.0,True
3015,0,35,0,46.31959533691406,1.0,True
225,0,35,0,53.866363525390625,1.0,True
4182,0,35,0,46.735591888427734,1.0,True
222,0,35,0,3.3133108615875244,0.9990236759185791,True
1811,0,35,0,26.432979583740234,1.0,True
216,0,35,0,61.8122673034668,1.0,True
3461,0,35,0,46.59299087524414,1.0,True
512,0,35,0,47.19341278076172,1.0,True
2748,0,35,0,4.87496280670166,0.9999651908874512,True
4318,0,35,0,5.150190353393555,0.9999743700027466,True
2130,0,35,0,53.17277145385742,1.0,True
424,0,35,0,45.11739730834961,1.0,True
651,0,35,0,53.69852828979492,1.0,True
682,0,35,0,9.36491584777832,1.0,True
683,0,35,0,31.330446243286133,1.0,True
3634,0,35,0,40.37042236328125,1.0,True
2444,0,35,0,19.739166259765625,1.0,True
973,0,35,0,32.05264663696289,1.0,True
3567,0,35,0,36.04076385498047,1.0,True
418,0,35,0,46.993282318115234,1.0,True
3655,0,35,0,41.10224533081055,1.0,True
3564,0,35,0,23.825883865356445,1.0,True
3641,0,35,0,2.3109123706817627,0.9933457374572754,True
2816,0,35,0,53.866363525390625,1.0,True
716,0,35,0,53.723758697509766,1.0,True
1292,0,35,0,59.97532653808594,1.0,True
2339,0,35,0,46.74091720581055,1.0,True
4110,0,35,0,46.9932861328125,1.0,True
330,0,35,0,38.82072067260742,1.0,True
2017,0,35,0,10.619460105895996,1.0,True
3505,0,35,0,41.65882110595703,1.0,True
529,0,35,0,23.580703735351562,1.0,True
150,0,35,0,19.67987823486328,1.0,True
3397,0,35,0,39.570194244384766,1.0,True
823,0,35,0,46.56775665283203,1.0,True
249,0,35,0,58.764930725097656,1.0,True
3739,0,35,0,26.13896369934082,1.0,True
3177,0,35,0,31.23885154724121,1.0,True
2198,0,35,0,32.43405532836914,1.0,True
3089,0,35,0,15.509316444396973,1.0,True
1078,0,35,0,31.794946670532227,1.0,True
2511,0,35,0,26.35122299194336,1.0,True
2208,0,35,0,46.51951599121094,1.0,True
3170,0,35,0,31.88119888305664,1.0,True
2574,0,35,0,41.2882194519043,1.0,True
3753,0,35,0,13.483625411987305,1.0,True
3288,0,35,0,48.803680419921875,1.0,True
3343,0,35,0,40.91761779785156,1.0,True
810,0,35,0,53.866363525390625,1.0,True
809,0,35,0,40.68762969970703,1.0,True
1689,0,35,0,22.167129516601562,1.0,True
4292,0,35,0,47.01851272583008,1.0,True
2220,0,35,0,46.73558807373047,1.0,True
3752,0,35,0,8.161521911621094,1.0,True
2579,0,35,0,58.764930725097656,1.0,True
3193,0,35,0,4.367550849914551,0.9998818635940552,True
3088,0,35,0,18.378551483154297,1.0,True
3770,0,35,0,41.233314514160156,1.0,True
4093,0,35,0,46.74091339111328,1.0,True
3390,0,35,0,17.322105407714844,1.0,True
3038,0,35,0,7.56306266784668,0.9999998807907104,True
1411,0,35,0,5.8662848472595215,0.9999947547912598,True
3219,0,35,0,22.27604866027832,1.0,True
3262,0,35,0,41.06050109863281,1.0,True
42,0,35,0,50.481300354003906,1.0,True
63,0,35,0,12.410218238830566,1.0,True
3317,0,35,0,33.36774444580078,1.0,True
3929,0,35,0,46.73558807373047,1.0,True
2573,0,35,0,20.996912002563477,1.0,True
1060,0,36,0,40.22126388549805,1.0,True
3978,0,36,0,25.126861572265625,1.0,True
3159,0,36,0,41.1826286315918,1.0,True
3692,0,36,0,21.84754180908203,1.0,True
3150,0,36,0,41.70002365112305,1.0,True
2755,0,36,0,20.68021583557129,1.0,True
1267,0,36,0,58.489376068115234,1.0,True
4137,0,36,0,17.147342681884766,1.0,True
1947,0,36,0,5.436098575592041,0.9999878406524658,True
673,0,36,0,41.7011833190918,1.0,True
2364,0,36,0,1.5853060483932495,0.968327522277832,True
3987,0,36,0,36.62067413330078,1.0,True
1933,0,36,0,10.674345016479492,1.0,True
892,0,36,0,6.389406204223633,0.9999983310699463,True
1934,0,36,0,34.07803726196289,1.0,True
3572,0,36,0,40.39632034301758,1.0,True
662,0,36,0,21.042869567871094,1.0,True
3674,0,36,0,46.76253890991211,1.0,True
4135,0,36,0,7.247772216796875,0.9999997615814209,True
3607,0,36,0,82.9782943725586,1.0,True
181,0,36,0,15.328359603881836,1.0,True
614,0,36,0,17.281841278076172,1.0,True
3601,0,36,0,46.08574676513672,1.0,True
838,0,36,0,9.018434524536133,1.0,True
3173,0,36,0,39.622650146484375,1.0,True
301,0,36,0,31.870025634765625,1.0,True
1225,0,36,0,28.097366333007812,1.0,True
2840,0,36,0,29.8172607421875,1.0,True
2089,0,36,0,33.358375549316406,1.0,True
253,0,36,0,58.49032211303711,1.0,True
2796,0,36,0,13.187621116638184,1.0,True
2117,0,36,0,30.208087921142578,1.0,True
1224,0,36,0,58.489376068115234,1.0,True
1062,0,36,0,12.063613891601562,1.0,True
3028,0,36,0,46.217960357666016,1.0,True
1928,0,36,0,13.815372467041016,1.0,True
2629,0,36,0,82.9782943725586,1.0,True
932,0,36,0,42.865211486816406,1.0,True
592,0,36,0,82.9782943725586,1.0,True
2214,0,36,0,82.77934265136719,1.0,True
267,0,36,0,8.014896392822266,0.9999998807907104,True
1849,0,36,0,27.782474517822266,1.0,True
3009,0,36,0,42.70042419433594,1.0,True
351,0,36,0,41.550357818603516,1.0,True
2486,0,36,0,7.675171852111816,0.9999998807907104,True
4264,0,36,0,35.14744186401367,1.0,True
1725,0,36,0,43.227928161621094,1.0,True
88,0,36,0,73.68217468261719,1.0,True
1828,0,36,0,34.27773666381836,1.0,True
885,0,36,0,34.39358139038086,1.0,True
2592,0,36,0,82.77934265136719,1.0,True
4096,0,36,0,9.037837982177734,1.0,True
1605,0,36,0,20.833755493164062,1.0,True
3133,0,36,0,40.21155548095703,1.0,True
2953,0,36,0,58.49032211303711,1.0,True
732,0,36,0,24.947437286376953,1.0,True
718,0,36,0,40.2115592956543,1.0,True
3511,0,36,0,55.35392761230469,1.0,True
938,0,36,0,17.207971572875977,1.0,True
646,0,36,0,7.6751708984375,0.9999998807907104,True
1784,0,36,0,114.03913116455078,1.0,True
3733,0,36,0,0.13918136060237885,0.6792334318161011,True
872,0,36,0,4.255404949188232,0.9998457431793213,True
3745,0,36,0,42.88543701171875,1.0,True
1082,0,36,0,6.091403484344482,0.9999964237213135,True
4275,0,36,0,22.122928619384766,1.0,True
4119,0,36,0,15.569843292236328,1.0,True
1641,0,37,0,40.44659423828125,1.0,True
3191,0,37,0,14.56336498260498,1.0,True
3270,0,37,0,38.75391387939453,1.0,True
3737,0,37,0,29.312213897705078,1.0,True
3047,0,37,0,28.288042068481445,1.0,True
1611,0,37,0,40.213478088378906,1.0,True
1192,0,37,0,14.197084426879883,1.0,True
2019,0,37,0,32.80514144897461,1.0,True
3017,0,37,0,48.259605407714844,1.0,True
2731,0,37,0,14.415066719055176,1.0,True
563,0,37,0,32.40623092651367,1.0,True
1170,0,37,0,42.3372688293457,1.0,True
1367,0,37,0,14.7338228225708,1.0,True
521,0,37,0,45.4625244140625,1.0,True
3543,0,37,0,41.04004669189453,1.0,True
3882,0,37,0,34.96399688720703,1.0,True
1923,0,37,0,52.09597396850586,1.0,True
4124,0,37,0,22.892620086669922,1.0,True
2713,0,37,0,38.74775314331055,1.0,True
2473,0,37,0,34.96399688720703,1.0,True
2892,0,37,0,29.12367057800293,1.0,True
291,0,37,0,33.86719512939453,1.0,True
2448,0,37,0,35.865604400634766,1.0,True
3966,0,37,0,7.97251033782959,0.9999998807907104,True
1509,0,37,0,45.95772933959961,1.0,True
201,0,37,0,37.73549270629883,1.0,True
3493,0,37,0,42.96503448486328,1.0,True
1687,0,37,0,33.80132293701172,1.0,True
1992,0,37,0,35.903865814208984,1.0,True
4163,0,37,0,21.770124435424805,1.0,True
3480,0,37,0,29.137739181518555,1.0,True
3774,0,37,0,43.860897064208984,1.0,True
2849,0,37,0,42.3372688293457,1.0,True
2068,0,37,0,47.94915771484375,1.0,True
3540,0,37,0,41.278011322021484,1.0,True
4308,0,37,0,42.3372688293457,1.0,True
605,0,37,0,42.84355926513672,1.0,True
565,0,37,0,27.95999526977539,1.0,True
2728,0,38,0,5.3624372482299805,0.9999860525131226,True
2734,0,38,0,17.557279586791992,1.0,True
2070,0,38,0,16.551769256591797,1.0,True
618,0,38,0,25.064512252807617,1.0,True
2705,0,38,0,47.5820426940918,1.0,True
1309,0,38,0,27.661659240722656,1.0,True
2433,0,38,0,30.903514862060547,1.0,True
2804,0,38,0,10.828327178955078,1.0,True
753,0,38,0,4.093717098236084,0.9998276233673096,True
2502,0,38,0,6.6415886878967285,0.999998927116394,True
778,0,38,0,57.07680130004883,1.0,True
1441,0,38,0,17.89556312561035,1.0,True
3338,0,38,0,20.224258422851562,1.0,True
1712,0,38,0,33.40723419189453,1.0,True
3917,0,38,0,34.24427032470703,1.0,True
4037,0,38,0,21.21988296508789,1.0,True
2221,0,38,0,16.021713256835938,1.0,True
562,0,38,0,60.67740249633789,1.0,True
1665,0,38,0,63.226409912109375,1.0,True
3272,0,38,0,18.58318328857422,1.0,True
1557,0,38,0,6.665616035461426,0.9999990463256836,True
1561,0,38,0,27.554298400878906,1.0,True
1632,0,38,0,52.66297912597656,1.0,True
170,0,38,0,56.912010192871094,1.0,True
3444,0,38,0,22.417308807373047,1.0,True
3918,0,38,0,52.66297912597656,1.0,True
1356,0,38,0,57.42940902709961,1.0,True
454,0,38,0,32.97432327270508,1.0,True
3631,0,38,0,19.31355094909668,1.0,True
1206,0,38,0,26.63608741760254,1.0,True
677,0,38,0,22.068889617919922,1.0,True
3619,0,38,0,30.608943939208984,1.0,True
20,0,38,0,8.946292877197266,1.0,True
3600,0,38,0,60.87099075317383,1.0,True
1235,0,38,0,18.16168975830078,1.0,True
4335,0,38,0,34.328155517578125,1.0,True
946,0,38,0,32.901302337646484,1.0,True
3859,0,38,0,52.27374267578125,1.0,True
2911,0,38,0,33.7536735534668,1.0,True
1872,0,38,0,43.605838775634766,1.0,True
1306,0,38,0,18.914913177490234,1.0,True
2965,0,38,0,18.984636306762695,1.0,True
143,0,38,0,42.66447448730469,1.0,True
914,0,38,0,55.769866943359375,1.0,True
1599,0,38,0,39.23622131347656,1.0,True
4281,0,39,0,61.981300354003906,1.0,True
89,0,39,0,39.643367767333984,1.0,True
4067,0,39,0,41.75373077392578,1.0,True
4294,0,39,0,30.061399459838867,1.0,True
3354,0,39,0,39.550941467285156,1.0,True
1724,0,39,0,21.042997360229492,1.0,True
1761,0,39,0,56.53874969482422,1.0,True
3483,0,39,0,10.4233980178833,1.0,True
1405,0,39,0,23.246395111083984,1.0,True
2106,0,39,0,31.59686851501465,1.0,True
1417,0,39,0,10.79495620727539,1.0,True
103,0,39,0,38.0909423828125,1.0,True
1996,0,39,0,61.96260070800781,1.0,True
2197,0,39,0,19.87974739074707,1.0,True
252,0,39,0,21.21933364868164,1.0,True
1315,0,39,0,25.092222213745117,1.0,True
2586,0,39,0,20.46216583251953,1.0,True
1969,0,39,0,18.11647605895996,1.0,True
2489,0,39,0,8.697256088256836,1.0,True
2619,0,39,0,26.18128204345703,1.0,True
1535,0,39,0,39.04953384399414,1.0,True
1968,0,39,0,31.790864944458008,1.0,True
1556,0,39,0,39.643367767333984,1.0,True
284,0,39,0,46.939598083496094,1.0,True
2652,0,39,0,31.93346405029297,1.0,True
2932,0,39,0,16.664051055908203,1.0,True
3198,0,39,0,24.926929473876953,1.0,True
3868,0,40,0,44.35020446777344,1.0,True
91,0,40,0,71.20816802978516,1.0,True
4175,0,40,0,23.440671920776367,1.0,True
1799,0,40,0,24.367053985595703,1.0,True
4247,0,40,0,71.44319152832031,1.0,True
3367,0,40,0,42.06794357299805,1.0,True
3365,0,40,0,23.619352340698242,1.0,True
1839,0,40,0,41.69733810424805,1.0,True
3976,0,40,0,71.11344146728516,1.0,True
691,0,40,0,5.23133659362793,0.9999781847000122,True
1873,0,40,0,28.01314353942871,1.0,True
1903,0,40,0,39.81633377075195,1.0,True
1742,0,40,0,5.163010120391846,0.9999808073043823,True
936,0,40,0,42.5271110534668,1.0,True
2269,0,40,0,24.318727493286133,1.0,True
358,0,40,0,10.27649974822998,1.0,True
1714,0,40,0,14.818670272827148,1.0,True
2219,0,40,0,10.870898246765137,1.0,True
3657,0,40,0,16.84191131591797,1.0,True
3128,0,40,0,14.028154373168945,1.0,True
959,0,40,0,43.98374938964844,1.0,True
1232,0,40,0,46.713130950927734,1.0,True
3141,0,40,0,41.817230224609375,1.0,True
3807,0,40,0,17.783323287963867,1.0,True
3928,0,41,0,8.450023651123047,1.0,True
3811,0,41,0,31.0541934967041,1.0,True
313,0,41,0,16.244125366210938,1.0,True
3161,0,41,0,46.12482833862305,1.0,True
2833,0,41,0,1.6506173610687256,0.9683162569999695,True
3409,0,41,0,0.634244978427887,0.861377477645874,True
395,0,41,0,7.954072952270508,0.9999998807907104,True
4058,0,41,0,12.460724830627441,1.0,True
2301,0,41,0,19.11688804626465,1.0,True
3712,0,41,0,24.993717193603516,1.0,True
856,0,41,0,20.175495147705078,1.0,True
4301,0,41,0,20.638517379760742,1.0,True
1096,0,41,0,30.902877807617188,1.0,True
1454,0,41,0,27.262683868408203,1.0,True
2845,0,41,0,19.31543731689453,1.0,True
2142,0,41,0,27.72277069091797,1.0,True
757,0,41,0,7.3771891593933105,0.9999997615814209,True
1921,0,41,0,34.66482162475586,1.0,True
3783,0,41,0,12.654905319213867,1.0,True
937,0,41,0,10.296672821044922,1.0,True
1293,0,41,0,5.497832775115967,0.9999904632568359,True
4105,0,41,0,10.445121765136719,1.0,True
255,0,41,0,59.13335418701172,1.0,True
34,0,41,0,14.575056076049805,1.0,True
2116,0,41,0,9.724695205688477,1.0,True
4164,0,42,0,43.41639709472656,1.0,True
2421,0,42,0,7.664330959320068,0.9999998807907104,True
863,0,42,0,5.556303024291992,0.9999924898147583,True
2897,0,42,0,53.519039154052734,1.0,True
859,0,42,0,53.690433502197266,1.0,True
3788,0,42,0,21.98093605041504,1.0,True
1072,0,42,0,45.55180740356445,1.0,True
4057,0,42,0,14.911336898803711,1.0,True
1081,0,42,0,9.340036392211914,1.0,True
2642,0,42,0,22.741260528564453,1.0,True
3994,0,42,0,38.15361404418945,1.0,True
3678,0,42,0,45.50461196899414,1.0,True
2043,0,42,0,46.812808990478516,1.0,True
121,0,42,0,36.97256088256836,1.0,True
902,0,42,0,5.49997615814209,0.9999897480010986,True
1336,0,42,0,19.6656436920166,1.0,True
2777,0,42,0,1.7862255573272705,0.9804233312606812,True
3470,0,42,0,20.511770248413086,1.0,True
2086,0,42,0,6.180171966552734,0.9999971389770508,True
2989,0,42,0,12.502666473388672,1.0,True
627,0,42,0,40.0762825012207,1.0,True
3856,0,42,0,15.945121765136719,1.0,True
1304,0,42,0,13.495429039001465,1.0,True
2625,0,42,0,13.703868865966797,1.0,True
2605,0,42,0,33.16361999511719,1.0,True
784,0,43,0,3.8682711124420166,0.9997392296791077,True
1707,0,43,0,16.697593688964844,1.0,True
1676,0,43,0,40.23923110961914,1.0,True
3207,0,43,0,22.80035972595215,1.0,True
3077,0,43,0,38.755367279052734,1.0,True
1057,0,43,0,15.204501152038574,1.0,True
1314,0,43,0,21.80133056640625,1.0,True
510,0,43,0,20.57830810546875,1.0,True
2240,0,43,0,2.3423757553100586,0.9919903874397278,True
599,0,43,0,13.566015243530273,1.0,True
961,0,43,0,1.323042631149292,0.9545861482620239,True
283,0,43,0,25.772937774658203,1.0,True
638,0,43,0,19.608089447021484,1.0,True
2044,0,43,0,28.45184898376465,1.0,True
2793,0,43,0,38.77317810058594,1.0,True
2906,0,43,0,9.638260841369629,1.0,True
1484,0,43,0,39.2772102355957,1.0,True
1504,0,43,0,2.3844006061553955,0.9944062232971191,True
2865,0,43,0,1.490329384803772,0.9734708070755005,True
2025,0,44,0,44.11738204956055,1.0,True
2347,0,44,0,31.80663299560547,1.0,True
2519,0,44,0,35.55653762817383,1.0,True
2254,0,44,0,7.562294006347656,0.9999997615814209,True
4143,0,44,0,19.881677627563477,1.0,True
2585,0,44,0,31.390398025512695,1.0,True
1855,0,44,0,34.9161262512207,1.0,True
4170,0,44,0,7.107123374938965,0.9999995231628418,True
1730,0,44,0,25.693017959594727,1.0,True
2957,0,44,0,20.955223083496094,1.0,True
725,0,44,0,12.80966854095459,1.0,True
2783,0,44,0,59.86119079589844,1.0,True
4261,0,44,0,6.296864032745361,0.9999977350234985,True
324,0,44,0,35.943599700927734,1.0,True
203,0,44,0,30.276079177856445,1.0,True
3547,0,44,0,39.390647888183594,1.0,True
1369,0,44,0,43.3809928894043,1.0,True
3197,0,44,0,28.823511123657227,1.0,True
174,0,44,0,42.19857406616211,1.0,True
3229,0,44,0,36.77969741821289,1.0,True
825,0,44,0,34.48362350463867,1.0,True
3910,0,44,0,34.3046760559082,1.0,True
1406,0,44,0,15.643514633178711,1.0,True
2523,0,45,0,9.712930679321289,1.0,True
1329,0,45,0,23.02911949157715,1.0,True
1986,0,45,0,7.230894088745117,0.9999997615814209,True
3286,0,45,0,51.03910827636719,1.0,True
3271,0,45,0,17.7642879486084,1.0,True
175,0,45,0,9.887523651123047,1.0,True
2330,0,46,0,28.232624053955078,1.0,True
1360,0,46,0,27.16960334777832,1.0,True
831,0,46,0,27.169601440429688,1.0,True
3190,0,46,0,3.3122994899749756,0.9992812275886536,True
1447,0,46,0,59.746700286865234,1.0,True
231,0,46,0,11.481907844543457,1.0,True
2772,0,46,0,27.450801849365234,1.0,True
2942,0,46,0,28.50070571899414,1.0,True
1218,0,47,0,12.881909370422363,1.0,True
1567,0,47,0,11.378700256347656,1.0,True
1228,0,47,0,27.937824249267578,1.0,True
2366,0,47,0,32.4366340637207,1.0,True
523,0,47,0,0.6078914999961853,0.7934642434120178,True
2529,0,47,0,36.24037170410156,1.0,True
977,0,48,0,37.04173278808594,1.0,True
2317,0,48,0,8.551152229309082,1.0,True
1027,0,48,0,5.453753471374512,0.9999890327453613,True
3777,0,48,0,12.685212135314941,1.0,True
288,0,48,0,4.178194046020508,0.9998500347137451,True
4245,0,48,0,32.71002960205078,1.0,True
312,0,49,0,7.848525047302246,0.9999998807907104,True
3612,0,49,0,13.164758682250977,1.0,True
2724,0,49,0,21.194456100463867,1.0,True
1378,0,49,0,1.4965531826019287,0.9710266590118408,True
591,0,49,0,23.080585479736328,1.0,True
1692,0,49,0,52.77853775024414,1.0,True
1125,0,50,0,10.843703269958496,1.0,True
3826,0,50,0,6.09626579284668,0.9999971389770508,True
790,0,50,0,36.49666213989258,1.0,True
2118,0,50,0,8.118997573852539,1.0,True
1587,0,50,0,20.723630905151367,1.0,True
2046,0,51,0,12.609503746032715,1.0,True
3663,0,51,0,2.8989908695220947,0.9983522891998291,True
2232,0,51,0,28.173269271850586,1.0,True
4048,0,51,0,33.1608772277832,1.0,True
715,0,51,0,3.9867804050445557,0.9998321533203125,True
3653,0,52,0,37.7686882019043,1.0,True
3851,0,52,0,16.63105010986328,1.0,True
1832,0,52,0,54.102783203125,1.0,True
963,0,52,0,1.0585914850234985,0.937418520450592,True
3408,0,52,0,16.160917282104492,1.0,True
3637,0,52,0,12.840872764587402,1.0,True
883,0,52,0,12.344449996948242,1.0,True
3279,0,52,0,1.3203355073928833,0.9615605473518372,True
2636,0,53,0,40.69729232788086,1.0,True
2613,0,53,0,59.52899932861328,1.0,True
4045,0,54,0,3.1629159450531006,0.9991726279258728,True
3831,0,55,0,16.30716323852539,1.0,True
3059,0,55,0,30.050949096679688,1.0,True
14,0,56,0,17.70676040649414,1.0,True
206,0,56,0,18.756656646728516,1.0,True
3220,0,57,0,29.274398803710938,1.0,True
3563,0,58,0,28.50621223449707,1.0,True
1099,0,58,0,8.497591972351074,1.0,True
235,0,58,0,26.817758560180664,1.0,True
2480,0,58,0,26.700647354125977,1.0,True
2639,0,58,0,3.536027193069458,0.9994698166847229,True
3696,0,59,0,43.98386001586914,1.0,True
2925,0,59,0,20.649919509887695,1.0,True
3796,0,60,0,23.525863647460938,1.0,True
3033,0,60,0,16.828365325927734,1.0,True
2079,0,60,0,69.51105499267578,1.0,True
658,0,60,0,37.308494567871094,1.0,True
2436,0,61,0,3.1086175441741943,0.9986609220504761,True
2727,0,61,0,6.239043235778809,0.9999979734420776,True
3786,0,63,0,29.3128662109375,1.0,True
3391,0,63,0,15.11054515838623,1.0,True
3484,0,64,0,21.033971786499023,1.0,True
2324,0,64,0,16.446962356567383,1.0,True
3887,0,64,0,13.172734260559082,1.0,True
325,0,64,0,8.344208717346191,1.0,True
1723,0,65,0,23.398479461669922,1.0,True
4013,0,67,0,2.3525664806365967,0.9953975081443787,True
2905,0,67,0,17.643083572387695,1.0,True
663,0,67,0,17.54221534729004,1.0,True
3092,0,68,0,26.73911476135254,1.0,True
1435,0,68,0,18.979496002197266,1.0,True
815,0,69,0,3.5572261810302734,0.9995416402816772,True
242,0,69,0,14.7142972946167,1.0,True
3135,0,69,0,2.1438066959381104,0.9933305382728577,True
1705,0,70,0,18.240142822265625,1.0,True
3335,0,70,0,37.83419418334961,1.0,True
3829,0,70,0,36.12063217163086,1.0,True
4007,0,70,0,16.050710678100586,1.0,True
3246,0,70,0,44.89480972290039,1.0,True
3203,0,71,0,44.98192596435547,1.0,True
3651,0,71,0,22.607067108154297,1.0,True
3585,0,72,0,45.06904983520508,1.0,True
1964,0,73,0,10.963780403137207,1.0,True
2224,0,76,0,34.76546859741211,1.0,True
3446,0,76,0,29.121824264526367,1.0,True
504,0,76,0,6.200867652893066,0.9999977350234985,True
3566,0,76,0,16.80442237854004,1.0,True
3588,0,77,0,4.263052463531494,0.9998836517333984,True
3075,0,78,0,36.291622161865234,1.0,True
4019,0,78,0,1.0403629541397095,0.9338593482971191,True
202,0,78,0,49.31159591674805,1.0,True
1892,0,78,0,28.399871826171875,1.0,True
925,0,79,0,48.52296447753906,1.0,True
4186,0,79,0,21.97854995727539,1.0,True
3269,0,82,0,22.959617614746094,1.0,True
4127,0,82,0,10.79617977142334,1.0,True
2904,0,83,0,26.2513484954834,1.0,True
2411,0,86,0,25.62523651123047,1.0,True
2474,0,86,0,29.61658477783203,1.0,True
3556,0,87,0,38.060630798339844,1.0,True
808,0,88,0,26.82814598083496,1.0,True
350,0,88,0,26.219432830810547,1.0,True
719,0,97,0,25.515108108520508,1.0,True
133,0,106,0,62.72269058227539,1.0,True
3571,0,159,0,197.72900390625,1.0,True
339,0,272,0,114.84146881103516,1.0,True
1233,0,362,0,168.95034790039062,1.0,True
278,0,367,0,131.40577697753906,1.0,True
