,0,avg_node_degree,min_node_degree,max_node_degree,avg_curvature,min_curvature,max_curvature,num_edges,graph_density
0,37,13.54054054054054,0,36,0.08320631856346143,-0.09928571428571431,0.2083333333333334,168,0.25225225225225223
1,23,9.934782608695652,0,22,0.11748792270531401,-0.08124999999999999,0.2125,102,0.4031620553359684
2,25,9.68,0,24,0.13317777777777778,-0.04687499999999997,0.26666666666666666,92,0.30666666666666664
3,24,9.5,0,23,0.12894386574074077,-0.046874999999999986,0.25000000000000006,90,0.32608695652173914
4,23,9.41304347826087,0,22,0.1323007246376812,-0.062499999999999986,0.22916666666666666,90,0.3557312252964427
5,24,9.583333333333334,0,23,0.13616030092592596,-0.062499999999999986,0.22916666666666666,92,0.3333333333333333
6,26,10.788461538461538,0,25,0.09973443223443224,-0.078125,0.2055555555555556,118,0.3630769230769231
7,88,24.772727272727273,0,87,-0.03252391581632652,-0.1375,0.25,266,0.06948798328108673
8,23,8.891304347826088,0,22,0.1329951690821256,-0.041666666666666595,0.2916666666666667,78,0.308300395256917
9,32,11.0625,0,31,0.10998046875000002,-0.04166666666666663,0.26666666666666666,106,0.21370967741935484
10,4,3.75,0,6,0.3333333333333333,0.3333333333333333,0.3333333333333333,12,2.0
11,14,7.25,0,13,0.13914682539682544,-0.04999999999999996,0.24305555555555558,56,0.6153846153846154
12,42,13.821428571428571,0,41,0.10083498677248681,-0.04166666666666663,0.2638888888888889,150,0.17421602787456447
13,41,13.560975609756097,0,40,0.1010077913279133,-0.04166666666666663,0.2638888888888889,146,0.17804878048780487
14,36,12.305555555555555,0,35,0.11080246913580248,-0.05555555555555547,0.2916666666666667,128,0.20317460317460317
15,55,17.027272727272727,0,54,0.014342171717171722,-0.15000000000000008,0.25,194,0.13063973063973064
16,40,14.5,0,39,0.07325520833333335,-0.05166666666666671,0.18472222222222223,190,0.24358974358974358
17,38,14.039473684210526,0,37,0.07596819429526196,-0.033333333333333395,0.18472222222222223,182,0.25889046941678523
18,2,1.25,0,2,0.5,0.5,0.5,2,2.0
19,35,12.5,0,34,0.11277243278263689,-0.08437499999999999,0.2916666666666667,140,0.23529411764705882
20,42,14.535714285714286,0,41,0.0988127969441745,-0.08258928571428573,0.21527777777777782,180,0.20905923344947736
21,41,14.390243902439025,0,40,0.09325880758807588,-0.05624999999999998,0.20833333333333334,180,0.21951219512195122
22,39,13.653846153846153,0,38,0.10298789173789175,-0.031249999999999986,0.23958333333333334,162,0.21862348178137653
23,42,14.630952380952381,0,41,0.09198247354497355,-0.03472222222222219,0.22916666666666666,184,0.21370499419279906
24,41,14.292682926829269,0,40,0.09482554200542004,-0.03472222222222219,0.24305555555555558,176,0.2146341463414634
25,40,14.0,0,39,0.10751558956916103,-0.08258928571428567,0.22222222222222224,170,0.21794871794871795
26,37,13.486486486486486,0,36,0.09264072746215604,-0.059375,0.24305555555555558,166,0.24924924924924924
27,23,9.76086956521739,0,22,0.10444142512077295,-0.06875000000000002,0.24305555555555558,98,0.38735177865612647
28,22,9.522727272727273,0,21,0.11494949494949495,0.01874999999999999,0.24305555555555558,94,0.4069264069264069
29,34,12.132352941176471,0,33,0.10988970588235296,-0.056249999999999994,0.21527777777777782,132,0.23529411764705882
30,38,13.513157894736842,0,37,0.10061291621911925,-0.0639285714285714,0.25000000000000006,162,0.23044096728307253
31,38,13.407894736842104,0,37,0.1086904015992362,-0.11750000000000002,0.25000000000000006,158,0.22475106685633
32,39,13.705128205128204,0,38,0.09849933135647423,-0.07999999999999997,0.225,164,0.2213225371120108
33,8,5.25,0,10,0.21149305555555556,0.03499999999999996,0.26666666666666666,28,1.0
34,23,9.326086956521738,0,22,0.1051328502415459,-0.020833333333333332,0.24305555555555558,88,0.34782608695652173
35,42,14.107142857142858,0,41,0.036621197089947106,-0.09791666666666668,0.22222222222222224,162,0.18815331010452963
36,42,14.05952380952381,0,41,0.03276306554367781,-0.09791666666666668,0.22222222222222224,160,0.18583042973286876
37,100,25.07,0,99,0.11,0.0,0.5,32,0.006464646464646465
38,24,9.333333333333334,0,23,0.14611979166666667,-0.0472222222222222,0.25000000000000006,86,0.3115942028985507
39,24,9.916666666666666,0,23,0.11449788595993955,-0.04250000000000006,0.25,100,0.36231884057971014
40,47,15.542553191489361,0,46,0.05582196531094708,-0.051041666666666666,0.22500000000000006,190,0.1757631822386679
41,45,15.311111111111112,0,44,0.057895061728395085,-0.06875000000000006,0.23611111111111113,194,0.19595959595959597
42,45,15.222222222222221,0,44,0.05898919753086421,-0.06875000000000006,0.23611111111111113,190,0.1919191919191919
43,45,15.222222222222221,0,44,0.05898919753086421,-0.06875000000000006,0.23611111111111113,190,0.1919191919191919
44,46,15.467391304347826,0,45,0.05295591787439614,-0.06875000000000006,0.23611111111111113,194,0.18743961352657004
45,44,15.068181818181818,0,43,0.053805916305916315,-0.07708333333333331,0.22222222222222224,190,0.20084566596194503
46,30,10.65,0,29,0.11748611111111114,-0.055555555555555504,0.26666666666666666,102,0.23448275862068965
47,32,11.3125,0,31,0.11441406250000002,-0.05555555555555549,0.26666666666666666,114,0.22983870967741934
48,33,11.878787878787879,0,32,0.11892045454545455,-0.05416666666666666,0.26666666666666666,128,0.24242424242424243
49,9,5.333333333333333,0,8,0.20524691358024694,-0.055555555555555546,0.2916666666666667,30,0.8333333333333334
50,27,9.981481481481481,0,26,0.06423353909465022,-0.15833333333333333,0.2916666666666667,94,0.2678062678062678
51,39,13.85897435897436,0,38,0.1046918425489854,-0.054166666666666606,0.25000000000000006,170,0.22941970310391363
52,16,7.625,0,15,0.08944878472222223,-0.020833333333333315,0.21527777777777782,62,0.5166666666666667
53,18,7.694444444444445,0,17,0.045536265432098794,-0.08333333333333326,0.17361111111111108,62,0.40522875816993464
54,7,4.928571428571429,0,12,0.22619047619047622,0.08333333333333337,0.25,24,1.1428571428571428
55,18,8.36111111111111,0,17,0.11081538170823887,0.0008928571428571397,0.22222222222222224,74,0.48366013071895425
56,10,5.85,0,10,0.17331250000000004,0.044791666666666674,0.26666666666666666,36,0.8
57,21,9.761904761904763,0,20,0.12262896825396821,0.011111111111111146,0.22222222222222224,100,0.47619047619047616
58,18,7.805555555555555,0,17,0.034695216049382735,-0.10555555555555551,0.20138888888888892,64,0.41830065359477125
59,10,5.85,0,10,0.17331250000000004,0.044791666666666674,0.26666666666666666,36,0.8
60,9,5.555555555555555,0,8,0.2222222222222222,0.03125,0.2916666666666667,32,0.8888888888888888
61,39,13.08974358974359,0,38,0.12066773504273506,-0.04166666666666663,0.2638888888888889,140,0.18893387314439947
62,33,11.333333333333334,0,32,0.11134048821548823,-0.020833333333333332,0.2916666666666667,110,0.20833333333333334
63,29,10.379310344827585,0,28,0.11956178160919542,-0.020833333333333315,0.26666666666666666,98,0.2413793103448276
64,24,9.0,0,23,0.12556423611111114,-0.03472222222222219,0.2916666666666667,78,0.2826086956521739
65,25,9.44,0,24,0.1197916666666667,-0.03124999999999996,0.2916666666666667,86,0.2866666666666667
66,30,10.85,0,29,0.12364351851851853,-0.041666666666666664,0.26666666666666666,108,0.2482758620689655
67,38,13.197368421052632,0,37,0.05448647660818714,-0.05750000000000001,0.25,150,0.21337126600284495
68,28,10.678571428571429,0,27,0.11087053571428573,-0.04062499999999998,0.22222222222222224,110,0.291005291005291
69,28,10.607142857142858,0,27,0.11787698412698414,-0.05555555555555549,0.22777777777777777,108,0.2857142857142857
70,38,13.881578947368421,0,37,0.07896985767991409,-0.036160714285714296,0.19861111111111115,176,0.2503556187766714
71,40,13.25,0,39,0.10018923611111115,-0.020833333333333315,0.24305555555555558,140,0.1794871794871795
72,40,14.1,0,39,0.09011284722222221,-0.03333333333333329,0.19305555555555562,174,0.2230769230769231
73,42,14.726190476190476,0,41,0.090135582010582,-0.03333333333333329,0.20555555555555557,188,0.2183507549361208
74,20,8.35,0,19,0.1343611111111111,-0.020833333333333297,0.2916666666666667,72,0.37894736842105264
75,19,8.18421052631579,0,18,0.13121345029239764,-0.020833333333333297,0.26666666666666666,70,0.4093567251461988
76,16,7.25,0,15,0.13398437500000002,-0.046875,0.2638888888888889,56,0.4666666666666667
77,17,7.411764705882353,0,16,0.13757761437908497,-0.046875,0.26666666666666666,58,0.4264705882352941
78,20,8.75,0,19,0.11079861111111111,0.01874999999999999,0.24305555555555558,80,0.42105263157894735
79,18,7.805555555555555,0,17,0.12858410493827163,-0.033333333333333305,0.26666666666666666,64,0.41830065359477125
80,33,12.181818181818182,0,32,0.08394781144781145,-0.046874999999999986,0.21527777777777782,138,0.26136363636363635
81,23,9.326086956521738,0,22,0.12031702898550728,-0.055555555555555546,0.24305555555555558,88,0.34782608695652173
82,23,9.152173913043478,0,22,0.11846618357487924,-0.041666666666666664,0.24305555555555558,84,0.33201581027667987
83,35,12.728571428571428,0,34,0.09409920634920635,-0.02499999999999998,0.21944444444444447,148,0.24873949579831933
84,33,12.121212121212121,0,32,0.10280092592592592,-0.031249999999999972,0.24305555555555558,136,0.25757575757575757
85,39,13.038461538461538,0,38,0.1226727207977208,-0.03472222222222219,0.2916666666666667,138,0.1862348178137652
86,40,13.4,0,39,0.10730555555555558,-0.052083333333333315,0.25000000000000006,146,0.18717948717948718
87,38,14.039473684210526,0,37,0.08428168635875405,-0.03799603174603174,0.20833333333333334,182,0.25889046941678523
88,40,14.45,0,39,0.0832209201388889,-0.04999999999999999,0.22916666666666666,188,0.24102564102564103
89,38,12.723684210526315,0,37,0.10225146198830411,-0.046874999999999986,0.24305555555555558,132,0.18776671408250356
90,37,13.27027027027027,0,36,0.08839205276705278,-0.031249999999999972,0.22777777777777777,158,0.23723723723723725
91,36,13.027777777777779,0,35,0.10036320546737214,-0.08229166666666662,0.24375,154,0.24444444444444444
92,34,11.544117647058824,0,33,0.1057291666666667,-0.033333333333333326,0.24305555555555558,112,0.19964349376114082
93,34,12.191176470588236,0,33,0.09176674836601308,-0.04687499999999997,0.24305555555555558,134,0.23885918003565063
94,32,11.75,0,31,0.09523871527777777,-0.0625,0.24305555555555558,128,0.25806451612903225
95,18,7.805555555555555,0,17,0.14071759259259262,-0.0472222222222222,0.26666666666666666,64,0.41830065359477125
96,32,11.8125,0,31,0.1352596637613379,-0.046874999999999986,0.2916666666666667,130,0.2620967741935484
97,34,12.191176470588236,0,33,0.03618464052287583,-0.11666666666666664,0.15972222222222227,134,0.23885918003565063
98,30,11.116666666666667,0,29,0.01943055555555557,-0.10416666666666669,0.12500000000000003,116,0.26666666666666666
99,5,4.6,0,8,0.26875,0.25,0.28125,18,1.8
100,45,14.911111111111111,0,44,0.037440161249685085,-0.075,0.1763888888888889,176,0.17777777777777778
101,42,14.154761904761905,0,41,0.04023313492063494,-0.05000000000000003,0.1763888888888889,164,0.19047619047619047
102,59,18.39830508474576,0,58,-0.007769930947897042,-0.2222222222222222,0.1875,230,0.13442431326709525
103,32,11.75,0,31,0.07665581597222222,-0.03125,0.18125000000000002,128,0.25806451612903225
104,33,12.181818181818182,0,32,0.07205752250395107,-0.02250000000000002,0.18125000000000002,138,0.26136363636363635
105,17,7.529411764705882,0,16,0.12732026143790853,-0.02500000000000001,0.24305555555555558,60,0.4411764705882353
106,39,13.756410256410257,0,38,0.06449777239955815,-0.06666666666666665,0.22916666666666666,166,0.22402159244264508
107,38,13.56578947368421,0,37,0.05662418695548397,-0.06666666666666665,0.22222222222222224,164,0.2332859174964438
108,35,12.5,0,34,0.06319444444444447,-0.06666666666666665,0.22222222222222224,140,0.23529411764705882
109,16,7.375,0,15,0.13039496527777777,-0.04166666666666663,0.24305555555555558,58,0.48333333333333334
110,26,10.01923076923077,0,25,0.11707799145299146,-0.05625000000000001,0.26666666666666666,98,0.30153846153846153
111,51,16.225490196078432,0,50,0.01867238562091505,-0.11458333333333331,0.171875,190,0.14901960784313725
112,52,16.51923076923077,0,51,0.0199025106837607,-0.11458333333333331,0.171875,196,0.1478129713423831
113,25,9.76,0,24,0.11631388888888891,-0.03124999999999996,0.21875000000000003,94,0.31333333333333335
114,27,10.277777777777779,0,26,0.10817386831275722,-0.03124999999999996,0.21875000000000003,102,0.2905982905982906
115,42,13.773809523809524,0,41,0.10969907407407409,-0.047222222222222186,0.2638888888888889,148,0.1718931475029036
116,46,15.16304347826087,0,45,0.025501962560386494,-0.06944444444444442,0.16666666666666666,180,0.17391304347826086
117,96,26.270833333333332,0,95,-0.025944010416666646,-0.1966666666666667,0.25,242,0.05307017543859649
118,12,6.416666666666667,0,11,0.16185185185185183,0.006666666666666654,0.26666666666666666,44,0.6666666666666666
119,22,9.431818181818182,0,21,0.0786927308802309,-0.036458333333333315,0.15982142857142861,92,0.39826839826839827
120,42,14.154761904761905,0,41,0.06563216490299827,-0.10555555555555551,0.19444444444444442,164,0.19047619047619047
121,14,7.392857142857143,0,13,0.15147321428571428,-0.0680555555555555,0.22777777777777777,58,0.6373626373626373
122,90,25.072222222222223,0,89,-0.02934148242630384,-0.17129629629629625,0.16666666666666669,254,0.06342072409488139
123,14,7.678571428571429,0,13,0.1489980158730159,-0.08750000000000002,0.24375,62,0.6813186813186813
124,14,7.964285714285714,0,14,0.12504707240038873,0.01360544217687089,0.18125000000000002,66,0.7252747252747253
125,32,10.6875,0,31,0.04998697916666667,-0.125,0.25,94,0.18951612903225806
126,11,6.681818181818182,0,10,0.15426136363636364,0.03249999999999999,0.22777777777777786,46,0.8363636363636363
127,26,9.096153846153847,0,25,0.05488247863247864,-0.055555555555555525,0.25,74,0.2276923076923077
128,11,6.136363636363637,0,10,0.16399621212121213,0.04479166666666669,0.26666666666666666,40,0.7272727272727273
129,14,6.821428571428571,0,13,0.2208531746031746,-0.018333333333333358,0.3333333333333333,50,0.5494505494505495
130,18,8.13888888888889,0,17,0.13704089506172842,-0.071875,0.24375000000000002,70,0.45751633986928103
131,16,7.75,0,15,0.12754774305555555,-0.05000000000000003,0.22916666666666666,64,0.5333333333333333
132,17,8.0,0,16,0.1258578431372549,-0.031249999999999986,0.22222222222222224,68,0.5
133,32,10.9375,0,31,0.052784288194444445,-0.08750000000000002,0.25,102,0.2056451612903226
134,13,7.0,0,14,0.15168171114599688,-0.09196428571428567,0.24375000000000002,52,0.6666666666666666
135,3,2.5,0,4,0.375,0.375,0.375,6,2.0
136,22,8.886363636363637,0,21,0.1300573979591837,-0.034722222222222154,0.26666666666666666,80,0.3463203463203463
137,16,8.25,0,15,0.12457128684807259,-0.004642857142857148,0.22777777777777786,72,0.6
138,38,13.56578947368421,0,37,0.03881981740064448,-0.06562500000000002,0.1638888888888889,164,0.2332859174964438
139,13,7.3076923076923075,0,12,0.15506410256410258,-0.06500000000000003,0.2638888888888889,56,0.717948717948718
140,12,6.75,0,12,0.1560243055555556,-0.046666666666666655,0.24305555555555558,48,0.7272727272727273
141,14,7.392857142857143,0,13,0.12966765873015876,-0.04250000000000006,0.24305555555555558,58,0.6373626373626373
142,39,12.628205128205128,0,38,0.017305911680911692,-0.14583333333333326,0.25,122,0.16464237516869096
143,19,8.18421052631579,0,18,0.15698099415204678,-0.031249999999999986,0.2916666666666667,70,0.4093567251461988
144,20,8.65,0,19,0.12327083333333337,0.020833333333333325,0.24305555555555558,78,0.4105263157894737
145,39,13.961538461538462,0,38,0.03918069364497937,-0.12361111111111107,0.20555555555555557,174,0.23481781376518218
146,40,13.95,0,39,0.004322916666666678,-0.12361111111111107,0.1416666666666667,168,0.2153846153846154
147,39,13.602564102564102,0,38,0.0060185185185185315,-0.12361111111111107,0.19444444444444442,160,0.21592442645074225
148,39,13.705128205128204,0,38,0.002957621082621101,-0.1361111111111111,0.19444444444444442,164,0.2213225371120108
149,29,9.827586206896552,0,28,0.04321120689655173,-0.050000000000000044,0.25,82,0.2019704433497537
150,22,8.886363636363637,0,21,0.04763888888888889,-0.08333333333333333,0.1777777777777778,80,0.3463203463203463
151,11,6.5,0,14,0.16190334467120188,0.012414965986394752,0.23809523809523814,44,0.8
152,8,5.75,0,12,0.17850694444444445,0.1266666666666667,0.21354166666666669,32,1.1428571428571428
153,13,6.384615384615385,0,12,0.23344017094017097,-0.0625,0.3333333333333333,44,0.5641025641025641
154,18,7.916666666666667,0,17,0.06526423532375919,-0.06666666666666665,0.20000000000000004,66,0.43137254901960786
155,12,6.416666666666667,0,11,0.12210069444444445,0.04375,0.25000000000000006,44,0.6666666666666666
156,8,5.5,0,10,0.1851215277777778,0.09916666666666665,0.24305555555555558,30,1.0714285714285714
157,40,12.9,0,39,0.04124826388888889,-0.12250000000000008,0.25,126,0.16153846153846155
158,12,6.916666666666667,0,14,0.15941787131519278,0.02837301587301591,0.25,50,0.7575757575757576
159,22,9.613636363636363,0,21,0.1053582379921666,-0.012499999999999992,0.20833333333333334,96,0.4155844155844156
160,22,9.068181818181818,0,21,0.04193813131313131,-0.10000000000000002,0.16145833333333334,84,0.36363636363636365
161,18,7.805555555555555,0,17,0.1444212962962963,-0.047222222222222165,0.25000000000000006,64,0.41830065359477125
162,12,6.416666666666667,0,11,0.14770254629629634,-0.04062499999999998,0.24305555555555558,44,0.6666666666666666
163,17,8.235294117647058,0,16,0.1481245831666,0.004166666666666652,0.21875000000000006,72,0.5294117647058824
164,14,6.964285714285714,0,13,0.1415327380952381,0.027500000000000004,0.26666666666666666,52,0.5714285714285714
165,22,8.522727272727273,0,21,0.12182765151515153,-0.04166666666666661,0.2638888888888889,72,0.3116883116883117
166,43,14.872093023255815,0,42,0.09888717502504878,-0.04062500000000002,0.225,188,0.2081949058693245
167,42,14.25,0,41,0.03736441798941799,-0.0916666666666666,0.18750000000000003,168,0.1951219512195122
168,44,15.022727272727273,0,43,0.027410037878787888,-0.09374999999999994,0.21875,188,0.19873150105708245
169,24,9.166666666666666,0,23,0.11699363425925928,-0.071875,0.22222222222222224,82,0.2971014492753623
170,48,15.875,0,47,0.03486934878117915,-0.10277777777777775,0.20555555555555557,198,0.17553191489361702
171,25,9.68,0,24,0.10125277777777779,-0.04166666666666661,0.20833333333333337,92,0.30666666666666664
172,46,15.423913043478262,0,45,0.028873792270531412,-0.12083333333333332,0.18750000000000003,192,0.1855072463768116
173,48,15.833333333333334,0,47,0.0348191550925926,-0.09166666666666667,0.20416666666666672,196,0.17375886524822695
174,25,9.44,0,24,0.12190555555555557,-0.06944444444444438,0.25,86,0.2866666666666667
175,48,15.75,0,47,0.047764756944444466,-0.11111111111111105,0.19305555555555556,192,0.1702127659574468
176,44,15.113636363636363,0,43,0.023249684343434343,-0.11111111111111104,0.1777777777777778,192,0.2029598308668076
177,42,14.44047619047619,0,41,0.027442129629629636,-0.12499999999999994,0.1875,176,0.20441347270615565
178,40,12.7,0,39,0.06806175595238098,-0.09375,0.25,118,0.15128205128205127
179,38,12.407894736842104,0,37,0.039456453634085245,-0.09375,0.1666666666666667,120,0.17069701280227595
180,40,13.8,0,39,0.04512967687074832,-0.07187500000000002,0.23611111111111116,162,0.2076923076923077
181,41,14.195121951219512,0,40,0.04071138211382115,-0.0722222222222222,0.15694444444444447,172,0.2097560975609756
182,42,14.726190476190476,0,41,0.03811011904761905,-0.10000000000000003,0.18750000000000003,188,0.2183507549361208
183,40,14.3,0,39,0.03463541666666666,-0.10312500000000002,0.21875,182,0.23333333333333334
184,44,15.068181818181818,0,43,0.0065688131313131415,-0.09444444444444444,0.16666666666666666,190,0.20084566596194503
185,24,9.083333333333334,0,23,0.07097222222222226,-0.08333333333333333,0.2638888888888889,80,0.2898550724637681
186,44,15.022727272727273,0,43,0.023876262626262634,-0.07986111111111112,0.13541666666666669,188,0.19873150105708245
187,20,8.65,0,19,0.11215972222222223,-0.01562499999999993,0.25,78,0.4105263157894737
188,42,14.773809523809524,0,41,0.03237842160673795,-0.09722222222222217,0.16145833333333331,190,0.22067363530778164
189,27,10.12962962962963,0,26,0.1304732510288066,-0.054166666666666696,0.25,98,0.2792022792022792
190,48,15.75,0,47,0.042594039351851874,-0.08333333333333329,0.25000000000000006,192,0.1702127659574468
191,31,11.758064516129032,0,30,0.09564964157706095,-0.06770833333333329,0.20833333333333334,132,0.2838709677419355
192,30,11.25,0,29,0.1094537037037037,-0.041666666666666595,0.20555555555555557,120,0.27586206896551724
193,46,15.597826086956522,0,45,0.038153683574879235,-0.06666666666666667,0.16875,200,0.1932367149758454
194,47,15.414893617021276,0,46,0.04429319245428671,-0.09722222222222214,0.19861111111111115,184,0.1702127659574468
195,50,15.69,0,49,-0.030978819444444437,-0.18000000000000002,0.16875,172,0.1404081632653061
196,40,13.6,0,39,0.018441539115646284,-0.09166666666666667,0.19444444444444445,154,0.19743589743589743
197,55,16.3,0,54,-0.005521464646464629,-0.18888888888888886,0.25,154,0.1037037037037037
198,62,18.733870967741936,0,61,0.016770833333333356,-0.0833333333333333,0.25,216,0.11422527763088314
199,34,12.485294117647058,0,33,0.10663602941176471,-0.05486111111111106,0.24305555555555558,144,0.25668449197860965
200,29,10.655172413793103,0,28,0.14801245210727973,-0.0472222222222222,0.25000000000000006,106,0.26108374384236455
201,25,9.6,0,24,0.12839444444444445,-0.05555555555555549,0.26666666666666666,90,0.3
202,56,17.321428571428573,0,55,0.02423115079365079,-0.17250000000000004,0.25,200,0.12987012987012986
203,57,17.68421052631579,0,56,0.033919346978557516,-0.1625,0.25,210,0.13157894736842105
204,27,11.018518518518519,0,26,0.0684619341563786,-0.05833333333333335,0.25000000000000006,122,0.3475783475783476
205,22,9.159090909090908,0,21,0.09858270202020204,-0.015000000000000013,0.24305555555555558,86,0.3722943722943723
206,24,9.333333333333334,0,23,0.13079282407407408,-0.05555555555555549,0.26666666666666666,86,0.3115942028985507
207,23,9.847826086956522,0,22,0.10378315094153606,-0.03472222222222219,0.2916666666666667,100,0.3952569169960474
208,57,17.54385964912281,0,56,0.023748781676413255,-0.17250000000000004,0.25,202,0.12656641604010024
209,24,9.916666666666666,0,23,0.11408564814814816,-0.0680555555555555,0.2916666666666667,100,0.36231884057971014
210,24,9.916666666666666,0,23,0.09814023526077102,-0.03472222222222219,0.2916666666666667,100,0.36231884057971014
211,23,9.58695652173913,0,22,0.11847357783693187,-0.09249999999999996,0.2916666666666667,94,0.3715415019762846
212,25,10.4,0,24,0.059533730158730175,-0.06250000000000004,0.16666666666666666,110,0.36666666666666664
213,23,9.934782608695652,0,22,0.06994557515035003,-0.04241071428571422,0.14464285714285713,102,0.4031620553359684
214,48,16.083333333333332,0,47,0.012087555508314465,-0.12986111111111112,0.15833333333333335,208,0.18439716312056736
215,27,9.981481481481481,0,26,0.12556069958847738,-0.03333333333333329,0.25,94,0.2678062678062678
216,15,8.033333333333333,0,14,0.11861574074074074,0.033333333333333326,0.19444444444444442,68,0.6476190476190476
217,44,15.159090909090908,0,43,0.04457189078282828,-0.09930555555555554,0.1875,194,0.20507399577167018
218,29,11.413793103448276,0,28,0.10444224528892017,-0.05625000000000002,0.22777777777777786,128,0.31527093596059114
219,21,8.904761904761905,0,20,0.11594246031746033,-0.041666666666666664,0.24305555555555558,82,0.3904761904761905
220,34,11.955882352941176,0,33,0.03539624183006538,-0.09722222222222221,0.16666666666666666,126,0.22459893048128343
221,30,11.05,0,29,0.007479166666666679,-0.13888888888888884,0.125,114,0.2620689655172414
222,40,13.7,0,39,0.09380555555555556,-0.05625000000000001,0.26666666666666666,158,0.20256410256410257
223,54,17.13888888888889,0,53,-0.02630497685185183,-0.1625,0.10000000000000002,210,0.14675052410901468
224,18,8.13888888888889,0,17,0.1344328703703704,-0.06388888888888881,0.25625000000000003,70,0.45751633986928103
225,36,12.86111111111111,0,35,0.04374468537414968,-0.0677083333333333,0.1875,148,0.23492063492063492
226,37,13.378378378378379,0,36,0.041174963228534665,-0.09895833333333326,0.20138888888888892,162,0.24324324324324326
227,34,12.720588235294118,0,33,0.04273234293717489,-0.11354166666666668,0.20138888888888892,152,0.2709447415329768
228,23,9.847826086956522,0,22,0.10485094400078875,-0.05937499999999998,0.2638888888888889,100,0.3952569169960474
229,32,12.0,0,31,0.10239007582199548,0.0027777777777778143,0.24305555555555558,136,0.27419354838709675
230,33,12.606060606060606,0,32,0.08497474747474748,-0.03749999999999999,0.22916666666666666,152,0.2878787878787879
231,29,11.482758620689655,0,28,0.09947557471264369,-0.021875000000000006,0.22916666666666666,130,0.32019704433497537
232,39,13.14102564102564,0,38,0.05175213675213676,-0.09166666666666663,0.20833333333333334,142,0.19163292847503374
233,34,12.367647058823529,0,33,0.04785334967320263,-0.06041666666666662,0.14583333333333334,140,0.24955436720142601
234,36,12.694444444444445,0,35,0.04722222222222224,-0.08055555555555549,0.16666666666666666,142,0.2253968253968254
235,21,8.333333333333334,0,20,0.1528042328042328,-0.041666666666666595,0.2638888888888889,70,0.3333333333333333
236,6,4.916666666666667,0,10,0.21259259259259264,0.1933333333333334,0.22222222222222224,22,1.4666666666666666
237,22,9.795454545454545,0,21,0.09405161306947024,-0.039523809523809496,0.22222222222222224,100,0.4329004329004329
238,18,8.694444444444445,0,17,0.07978505291005296,-0.09270833333333331,0.20555555555555557,80,0.5228758169934641
239,18,8.805555555555555,0,17,0.08518022486772492,-0.09270833333333331,0.20555555555555557,82,0.5359477124183006
240,34,12.014705882352942,0,33,0.10716911764705882,-0.08437499999999999,0.24305555555555558,128,0.2281639928698752
241,32,11.5625,0,31,0.1164865451388889,-0.08437499999999999,0.24305555555555558,122,0.24596774193548387
242,33,11.757575757575758,0,32,0.11521885521885522,-0.08437499999999999,0.24305555555555558,124,0.23484848484848486
243,28,11.178571428571429,0,27,0.11135664682539682,-0.04833333333333336,0.2916666666666667,124,0.328042328042328
244,40,14.15,0,39,0.09919494047619049,-0.05312499999999999,0.24305555555555558,176,0.22564102564102564
245,42,13.869047619047619,0,41,0.10479993386243387,-0.041666666666666595,0.24305555555555558,152,0.1765389082462253
246,39,12.474358974358974,0,38,-0.030584045584045566,-0.14916666666666673,0.20833333333333334,116,0.15654520917678813
247,28,10.178571428571429,0,27,0.012872023809523838,-0.09722222222222217,0.22222222222222224,96,0.25396825396825395
248,29,10.586206896551724,0,28,0.04382662835249043,-0.07777777777777779,0.18333333333333335,104,0.2561576354679803
249,30,11.716666666666667,0,29,0.04062804705215421,-0.09791666666666671,0.19444444444444445,134,0.3080459770114943
250,14,6.964285714285714,0,13,0.17733134920634921,0.01874999999999999,0.2916666666666667,52,0.5714285714285714
251,32,11.5,0,31,0.11843098958333334,-0.05625000000000001,0.2638888888888889,120,0.24193548387096775
252,35,12.271428571428572,0,34,0.04096031746031748,-0.1166666666666667,0.1597222222222222,132,0.2218487394957983
253,24,9.083333333333334,0,23,0.014909001795162543,-0.10500000000000002,0.11964285714285719,80,0.2898550724637681
254,17,7.529411764705882,0,16,0.13074754901960786,-0.020833333333333332,0.26666666666666666,60,0.4411764705882353
255,18,7.916666666666667,0,17,0.1513233024691358,-0.03472222222222221,0.2916666666666667,66,0.43137254901960786
256,16,7.375,0,15,0.14593315972222226,-0.0625,0.2638888888888889,58,0.48333333333333334
257,19,8.289473684210526,0,18,0.1406103801169591,-0.015624999999999958,0.25,72,0.42105263157894735
258,19,8.18421052631579,0,18,0.13840643274853798,-0.015624999999999958,0.25,70,0.4093567251461988
259,21,9.0,0,20,0.15028830579850994,-0.05555555555555549,0.2638888888888889,84,0.4
260,23,10.021739130434783,0,22,0.11900134329093959,-0.045,0.25000000000000006,104,0.41106719367588934
261,25,10.08,0,24,0.11761111111111111,-0.03472222222222221,0.25,102,0.34
262,27,10.944444444444445,0,26,0.11166152263374488,-0.03472222222222221,0.25,120,0.3418803418803419
263,24,9.75,0,23,0.12294270833333336,-0.07999999999999999,0.25,96,0.34782608695652173
264,24,9.833333333333334,0,23,0.10858217592592594,-0.03472222222222221,0.24305555555555558,98,0.35507246376811596
265,32,11.5625,0,31,0.11283734587585036,-0.04166666666666661,0.2916666666666667,122,0.24596774193548387
266,31,11.306451612903226,0,30,0.11940092165898618,-0.031249999999999972,0.2916666666666667,118,0.2537634408602151
267,33,12.303030303030303,0,32,0.09055275329828903,-0.03472222222222219,0.25000000000000006,142,0.2689393939393939
268,34,12.544117647058824,0,33,0.09266697303921571,-0.056249999999999994,0.25000000000000006,146,0.26024955436720143
269,32,11.5,0,31,0.12447048611111113,-0.043055555555555534,0.2916666666666667,120,0.24193548387096775
270,32,12.125,0,31,0.09855251736111112,-0.05416666666666662,0.24375000000000002,140,0.28225806451612906
271,44,14.295454545454545,0,43,0.0376309974747475,-0.09722222222222217,0.2916666666666667,156,0.1649048625792812
272,40,13.95,0,39,0.10361497307256237,-0.040624999999999994,0.25142857142857145,168,0.2153846153846154
273,40,13.4,0,39,0.05793923611111114,-0.10666666666666669,0.2916666666666667,146,0.18717948717948718
274,38,12.460526315789474,0,37,0.10144736842105263,-0.09479166666666665,0.25,122,0.17354196301564723
275,30,10.983333333333333,0,29,0.009909580498866236,-0.08333333333333333,0.1666666666666667,112,0.2574712643678161
276,38,12.93421052631579,0,37,0.052348318713450304,-0.10000000000000005,0.26666666666666666,140,0.19914651493598862
277,44,14.613636363636363,0,43,0.04572127525252528,-0.055555555555555525,0.15972222222222224,170,0.17970401691331925
278,60,18.316666666666666,0,59,-0.01778009259259258,-0.16666666666666666,0.11111111111111117,214,0.12090395480225989
279,28,10.392857142857142,0,27,0.11372271825396829,-0.04166666666666663,0.25000000000000006,102,0.2698412698412698
280,16,7.75,0,15,0.15081145479024946,-0.06805555555555554,0.23809523809523814,64,0.5333333333333333
281,50,15.69,0,49,0.007795833333333359,-0.11666666666666675,0.16666666666666666,172,0.1404081632653061
282,52,16.096153846153847,0,51,-0.011392895299145287,-0.10750000000000001,0.16388888888888892,174,0.13122171945701358
283,48,15.0,0,47,-0.01673900462962961,-0.13916666666666666,0.16388888888888892,156,0.13829787234042554
284,50,15.61,0,49,-0.004672222222222202,-0.09687500000000002,0.16388888888888892,168,0.13714285714285715
285,42,14.154761904761905,0,41,0.12632605820105822,-0.05625000000000002,0.26666666666666666,164,0.19047619047619047
286,43,14.36046511627907,0,42,0.13123711306227917,-0.05555555555555549,0.2916666666666667,166,0.18383167220376523
287,41,13.853658536585366,0,40,0.13263553592168575,-0.05555555555555549,0.26666666666666666,158,0.1926829268292683
288,39,13.602564102564102,0,38,0.07163639601139601,-0.07916666666666668,0.225,160,0.21592442645074225
289,38,13.144736842105264,0,37,0.10896929824561405,-0.046874999999999986,0.25,148,0.21052631578947367
290,62,18.60483870967742,0,61,0.014460125448028693,-0.11111111111111109,0.21041666666666664,208,0.10999471179270227
291,60,18.083333333333332,0,59,0.01226504629629631,-0.10555555555555551,0.2166666666666667,200,0.11299435028248588
292,96,26.020833333333332,0,95,-0.0027083333333333282,-0.1766666666666667,0.25,218,0.04780701754385965
293,54,16.916666666666668,0,53,-0.01828189300411521,-0.11875000000000002,0.16666666666666666,198,0.13836477987421383
294,124,32.99193548387097,0,123,-0.02486559139784946,-0.2,0.25,278,0.036454235510097036
295,126,33.48809523809524,0,125,-0.020564373897707225,-0.19666666666666668,0.25,282,0.03580952380952381
296,122,32.692622950819676,0,121,-0.03346496180439387,-0.2000000000000001,0.25,298,0.04037393307139954
297,24,10.0,0,23,0.09086516203703705,-0.0625,0.2638888888888889,102,0.3695652173913043
298,41,13.609756097560975,0,40,0.09641090785907862,-0.03333333333333329,0.2638888888888889,148,0.18048780487804877
299,49,15.795918367346939,0,48,0.008580047665324652,-0.13976190476190478,0.125,186,0.15816326530612246
300,44,14.795454545454545,0,43,0.03224882756132758,-0.1527777777777777,0.18055555555555558,178,0.18816067653276955
301,42,14.25,0,41,0.04063274416909622,-0.09791666666666662,0.1777777777777778,168,0.1951219512195122
302,41,14.048780487804878,0,40,0.031902307671035905,-0.1527777777777777,0.17410714285714285,166,0.20243902439024392
303,42,14.154761904761905,0,41,0.025706862109923363,-0.1527777777777777,0.15625,164,0.19047619047619047
304,46,15.293478260869565,0,45,0.027519533175589108,-0.1527777777777777,0.14087301587301593,186,0.17971014492753623
305,55,17.063636363636363,0,54,0.00552904040404042,-0.16416666666666674,0.16666666666666669,196,0.13198653198653199
306,50,15.93,0,49,0.012650000000000017,-0.125,0.16875,184,0.15020408163265306
307,42,14.154761904761905,0,41,0.025706862109923363,-0.1527777777777777,0.15625,164,0.19047619047619047
308,48,15.666666666666666,0,47,0.012960431134259279,-0.15104166666666663,0.22222222222222224,188,0.16666666666666666
309,51,16.38235294117647,0,50,-0.004264365468409576,-0.1552083333333333,0.17777777777777773,198,0.15529411764705883
310,24,9.916666666666666,0,23,0.06952546296296298,-0.030000000000000016,0.21875,100,0.36231884057971014
311,51,15.990196078431373,0,50,0.035454626294962446,-0.12152777777777772,0.16666666666666669,178,0.1396078431372549
312,52,16.442307692307693,0,51,-0.014076522435897422,-0.125,0.125,192,0.14479638009049775
313,22,8.704545454545455,0,21,0.06800505050505053,-0.020833333333333297,0.21875,76,0.329004329004329
314,44,14.931818181818182,0,43,0.03792922850958566,-0.12916666666666665,0.21875,184,0.1945031712473573
315,44,14.840909090909092,0,43,0.04117375927643786,-0.0805555555555556,0.21875,180,0.19027484143763213
316,31,11.629032258064516,0,30,0.0920855734767025,-0.07812499999999999,0.19999999999999996,128,0.2752688172043011
317,27,10.425925925925926,0,26,0.09799582178550435,-0.0654761904761904,0.27777777777777773,106,0.301994301994302
318,25,9.6,0,24,0.1302027777777778,-0.03472222222222219,0.2916666666666667,90,0.3
319,38,12.039473684210526,0,37,0.03485745614035089,-0.07500000000000001,0.25,106,0.1507823613086771
320,21,9.0,0,20,0.13632275132275135,-0.012499999999999983,0.225,84,0.4
321,29,10.931034482758621,0,28,0.10628591954022991,-0.06874999999999998,0.26666666666666666,114,0.28078817733990147
322,20,8.45,0,19,0.14002777777777778,-0.031249999999999972,0.2638888888888889,74,0.3894736842105263
323,21,8.523809523809524,0,20,0.14242063492063495,-0.055555555555555504,0.2638888888888889,74,0.3523809523809524
324,50,16.17,0,49,0.0076572562358276945,-0.10342261904761899,0.18333333333333338,196,0.16
325,46,15.423913043478262,0,45,0.03019607118209606,-0.1138392857142857,0.15833333333333333,192,0.1855072463768116
326,49,15.83673469387755,0,48,0.01090986394557824,-0.12750000000000003,0.18055555555555558,188,0.1598639455782313
327,27,10.12962962962963,0,26,0.12239711934156382,-0.05555555555555547,0.24305555555555558,98,0.2792022792022792
328,12,6.416666666666667,0,12,0.1673900462962963,-0.055555555555555525,0.25000000000000006,44,0.6666666666666666
329,14,6.964285714285714,0,14,0.05524538386783293,-0.08333333333333333,0.1885714285714286,52,0.5714285714285714
330,23,9.673913043478262,0,22,0.12376066006112592,-0.05000000000000002,0.2375,96,0.3794466403162055
331,24,10.0,0,23,0.12669825916477706,-0.06805555555555554,0.24375000000000002,102,0.3695652173913043
332,33,11.696969696969697,0,32,0.12738846801346804,-0.06249999999999997,0.25625000000000003,122,0.23106060606060605
333,27,10.277777777777779,0,26,0.12375771604938272,-0.0875,0.2638888888888889,102,0.2905982905982906
334,25,10.08,0,24,0.11656666666666667,-0.03472222222222219,0.2916666666666667,102,0.34
335,28,10.464285714285714,0,27,0.09541170634920636,-0.03333333333333329,0.24305555555555558,104,0.2751322751322751
336,28,10.607142857142858,0,27,0.11109871031746034,-0.04166666666666661,0.2166666666666667,108,0.2857142857142857
337,12,6.416666666666667,0,12,0.16811342592592596,-0.055555555555555504,0.2916666666666667,44,0.6666666666666666
338,26,10.01923076923077,0,25,0.11254540598290601,-0.06874999999999998,0.2638888888888889,98,0.30153846153846153
339,28,10.25,0,27,0.06715277777777781,-0.17083333333333325,0.25,98,0.25925925925925924
340,28,10.607142857142858,0,27,0.1180654761904762,-0.046874999999999986,0.24305555555555558,108,0.2857142857142857
341,26,10.01923076923077,0,25,0.10960202991452993,-0.0680555555555555,0.24375000000000002,98,0.30153846153846153
342,24,9.5,0,23,0.11096354166666668,-0.05416666666666662,0.24375000000000002,90,0.32608695652173914
343,23,8.891304347826088,0,22,0.13202294685990337,-0.013888888888888876,0.2916666666666667,78,0.308300395256917
344,27,10.796296296296296,0,26,0.11329732510288064,-0.035833333333333314,0.22916666666666666,116,0.33048433048433046
345,39,12.935897435897436,0,38,0.096488603988604,-0.033333333333333305,0.24305555555555558,134,0.18083670715249664
346,42,14.392857142857142,0,41,0.04712466931216931,-0.14250000000000002,0.22222222222222224,174,0.20209059233449478
347,42,14.297619047619047,0,41,0.04094080687830689,-0.1375,0.22222222222222224,170,0.19744483159117304
348,64,19.4375,0,63,-0.023087836371527753,-0.15625,0.1631944444444445,236,0.11706349206349206
349,38,12.986842105263158,0,37,0.017585891812865514,-0.16527777777777772,0.22222222222222224,142,0.2019914651493599
350,22,9.068181818181818,0,21,0.054826388888888904,-0.03916666666666666,0.16666666666666666,84,0.36363636363636365
351,9,3.7777777777777777,0,8,0.10185185185185186,-0.08333333333333326,0.25,16,0.4444444444444444
352,26,10.173076923076923,0,25,0.1283619505494506,-0.046875,0.21527777777777782,102,0.31384615384615383
353,19,8.921052631578947,0,18,0.06398660341329516,-0.0049999999999999715,0.13541666666666669,84,0.49122807017543857
354,66,19.643939393939394,0,65,-0.03941708754208751,-0.20277777777777772,0.1777777777777778,224,0.10442890442890443
355,27,10.648148148148149,0,26,0.1295218673889309,-0.046875,0.21527777777777782,112,0.3190883190883191
356,34,11.897058823529411,0,33,0.03732843137254904,-0.0833333333333333,0.24305555555555558,124,0.22103386809269163
357,28,10.75,0,27,0.04757936507936509,-0.0666666666666667,0.17777777777777773,112,0.2962962962962963
358,26,9.788461538461538,0,25,0.032475961538461565,-0.10555555555555551,0.16875,92,0.28307692307692306
359,26,10.403846153846153,0,25,0.07515317024245599,-0.036458333333333315,0.2104166666666667,108,0.3323076923076923
360,28,10.964285714285714,0,27,0.041827876984126995,-0.078125,0.15277777777777782,118,0.31216931216931215
361,19,8.81578947368421,0,18,0.10949926900584797,-0.019791666666666693,0.228125,82,0.47953216374269003
362,20,9.35,0,19,0.1204375,-0.0027777777777777866,0.22777777777777783,92,0.4842105263157895
363,20,9.65,0,19,0.1105076530612245,-0.03263888888888885,0.209375,98,0.5157894736842106
364,42,13.821428571428571,0,41,0.022151124338624362,-0.0833333333333333,0.1875,150,0.17421602787456447
365,42,13.869047619047619,0,41,0.024624669312169344,-0.0833333333333333,0.1875,152,0.1765389082462253
366,15,6.833333333333333,0,14,0.05552314814814817,-0.0833333333333333,0.18749999999999997,50,0.47619047619047616
367,11,5.954545454545454,0,10,0.10984217171717171,0.02083333333333333,0.18749999999999997,38,0.6909090909090909
368,10,5.65,0,10,0.09842361111111111,0.015624999999999972,0.18749999999999997,34,0.7555555555555555
369,12,6.75,0,12,0.10908564814814818,-0.020833333333333343,0.21354166666666669,48,0.7272727272727273
370,30,10.716666666666667,0,29,0.04246296296296299,-0.10416666666666669,0.23611111111111113,104,0.23908045977011494
371,15,6.966666666666667,0,14,0.08897222222222223,0.016666666666666663,0.22222222222222218,52,0.49523809523809526
372,10,6.25,0,10,0.1357777777777778,0.059999999999999984,0.22222222222222224,40,0.8888888888888888
373,18,8.027777777777779,0,17,0.0893479938271605,-0.034722222222222175,0.16979166666666667,68,0.4444444444444444
374,22,8.886363636363637,0,21,0.039652777777777815,-0.09722222222222217,0.22222222222222224,80,0.3463203463203463
375,12,6.416666666666667,0,11,0.09842013888888888,0.003124999999999989,0.18749999999999997,44,0.6666666666666666
376,36,12.63888888888889,0,35,0.09239776234567904,-0.08750000000000001,0.26666666666666666,140,0.2222222222222222
377,30,10.65,0,29,0.04016203703703705,-0.10416666666666669,0.23611111111111113,102,0.23448275862068965
378,30,10.716666666666667,0,29,0.04246296296296299,-0.10416666666666669,0.23611111111111113,104,0.23908045977011494
379,36,12.13888888888889,0,35,0.0554166666666667,-0.055555555555555546,0.25000000000000006,122,0.19365079365079366
380,33,11.515151515151516,0,32,0.12836069023569024,-0.04166666666666663,0.2916666666666667,116,0.2196969696969697
381,48,15.666666666666666,0,47,0.0051329246976568625,-0.1805555555555555,0.1875,188,0.16666666666666666
382,27,10.351851851851851,0,26,0.11310956790123458,-0.0680555555555555,0.2638888888888889,104,0.2962962962962963
383,27,10.5,0,26,0.10392489711934158,-0.0680555555555555,0.2916666666666667,108,0.3076923076923077
384,16,7.375,0,15,0.061111111111111116,-0.0666666666666667,0.22222222222222224,58,0.48333333333333334
385,7,5.5,0,12,0.19605158730158737,0.15694444444444447,0.21354166666666669,28,1.3333333333333333
386,16,7.25,0,15,0.07630208333333335,-0.040972222222222195,0.20833333333333337,56,0.4666666666666667
387,35,12.157142857142857,0,34,0.06139889050858441,-0.08333333333333331,0.25000000000000006,128,0.21512605042016808
388,28,10.678571428571429,0,27,0.09896329365079368,-0.041666666666666595,0.24305555555555558,110,0.291005291005291
389,40,13.8,0,39,0.10222916666666668,-0.04722222222222222,0.2916666666666667,162,0.2076923076923077
390,26,10.173076923076923,0,25,0.11677884615384616,-0.07187500000000002,0.24375000000000002,102,0.31384615384615383
391,48,15.458333333333334,0,47,0.02934665532879822,-0.08333333333333331,0.16468253968253976,178,0.15780141843971632
392,15,7.233333333333333,0,14,0.1287777777777778,-0.031249999999999986,0.24305555555555558,56,0.5333333333333333
393,11,6.5,0,12,0.15604166666666666,0.036458333333333356,0.24305555555555558,44,0.8
394,50,16.17,0,49,0.028913520408163286,-0.10277777777777775,0.16805555555555562,196,0.16
395,18,8.13888888888889,0,17,0.08154706790123459,-0.062499999999999965,0.20833333333333334,70,0.45751633986928103
396,19,8.605263157894736,0,18,0.09006578947368422,-0.023611111111111128,0.20208333333333334,78,0.45614035087719296
397,14,6.535714285714286,0,13,0.04348710317460319,-0.0833333333333333,0.18749999999999997,46,0.5054945054945055
398,21,9.095238095238095,0,20,0.12039682539682542,-0.09791666666666667,0.24305555555555558,86,0.4095238095238095
399,37,12.135135135135135,0,36,-0.038509759759759746,-0.2166666666666667,0.125,116,0.17417417417417416
400,48,15.791666666666666,0,47,-0.007076837679516235,-0.17499999999999996,0.140625,194,0.17198581560283688
401,25,10.08,0,24,0.06717806122448983,-0.06071428571428568,0.24305555555555558,102,0.34
402,28,10.821428571428571,0,27,0.045540674603174625,-0.09722222222222221,0.178125,114,0.30158730158730157
403,33,11.393939393939394,0,32,0.02371212121212124,-0.08333333333333333,0.23611111111111113,112,0.21212121212121213
404,29,10.448275862068966,0,28,0.0413505747126437,-0.06944444444444442,0.23611111111111113,100,0.24630541871921183
405,33,11.878787878787879,0,32,0.05390151515151517,-0.0833333333333333,0.22222222222222224,128,0.24242424242424243
406,30,11.25,0,29,0.040393518518518516,-0.057500000000000016,0.22222222222222218,120,0.27586206896551724
407,33,12.0,0,32,0.05375157828282831,-0.09722222222222217,0.25000000000000006,132,0.25
408,32,11.5,0,31,0.044318576388888906,-0.10555555555555551,0.25000000000000006,120,0.24193548387096775
409,28,11.178571428571429,0,27,0.10758012431162942,0.003124999999999961,0.24305555555555558,124,0.328042328042328
410,37,12.72972972972973,0,36,0.03736674174174177,-0.10416666666666663,0.24305555555555558,138,0.2072072072072072
411,36,12.527777777777779,0,35,0.05169560185185186,-0.0666666666666667,0.22222222222222224,136,0.21587301587301588
412,38,13.407894736842104,0,37,0.07130803198472373,-0.09722222222222221,0.26666666666666666,158,0.22475106685633
413,37,12.945945945945946,0,36,0.06568226389654962,-0.07366071428571425,0.20138888888888892,146,0.21921921921921922
414,34,12.720588235294118,0,33,0.041270424836601316,-0.09270833333333331,0.18055555555555558,152,0.2709447415329768
415,24,9.583333333333334,0,23,0.06599247685185188,-0.06770833333333331,0.18999999999999995,92,0.3333333333333333
416,25,9.76,0,24,0.06008611111111113,-0.05937500000000001,0.1875,94,0.31333333333333335
417,41,13.707317073170731,0,40,0.11938177506775068,-0.06249999999999997,0.2916666666666667,152,0.18536585365853658
418,27,10.277777777777779,0,26,0.027499685059208898,-0.09722222222222217,0.1444444444444445,102,0.2905982905982906
419,26,9.865384615384615,0,25,0.023250534188034227,-0.11111111111111105,0.18888888888888888,94,0.28923076923076924
420,25,9.92,0,24,0.06969999999999998,-0.06770833333333331,0.18999999999999995,98,0.32666666666666666
421,27,10.722222222222221,0,26,0.04065003779289495,-0.10416666666666663,0.20083333333333334,114,0.3247863247863248
422,20,8.55,0,19,0.05435416666666668,-0.08333333333333333,0.22222222222222224,76,0.4
423,40,13.05,0,39,0.01260058815192745,-0.125,0.25,132,0.16923076923076924
424,21,8.714285714285714,0,20,0.02333002645502648,-0.08888888888888884,0.14583333333333334,78,0.37142857142857144
425,19,7.973684210526316,0,18,0.18874999999999997,-0.0472222222222222,0.2916666666666667,66,0.38596491228070173
426,36,12.305555555555555,0,35,0.19017746913580247,0.04,0.26666666666666666,128,0.20317460317460317
427,32,11.3125,0,31,0.024646267361111123,-0.10416666666666669,0.18472222222222223,114,0.22983870967741934
428,28,10.607142857142858,0,27,0.06815972222222223,-0.06527777777777777,0.23611111111111113,108,0.2857142857142857
429,37,12.08108108108108,0,36,0.017880776184347635,-0.11979166666666666,0.25,114,0.17117117117117117
430,18,8.36111111111111,0,17,0.1307908950617284,0.004166666666666674,0.22916666666666669,74,0.48366013071895425
431,19,8.605263157894736,0,18,0.12216739766081874,-0.024999999999999977,0.23958333333333337,78,0.45614035087719296
432,22,9.431818181818182,0,21,0.1029513888888889,-0.0008333333333333193,0.2222222222222222,92,0.39826839826839827
433,43,13.755813953488373,0,42,0.03734980620155041,-0.07187500000000001,0.25,140,0.15503875968992248
434,24,9.583333333333334,0,23,0.05815003779289496,-0.038591269841269794,0.16815476190476192,92,0.3333333333333333
435,15,7.9,0,14,0.12040362811791386,-0.004285714285714259,0.19494047619047622,66,0.6285714285714286
436,14,6.535714285714286,0,13,0.06067460317460317,-0.06111111111111108,0.19375,46,0.5054945054945055
437,48,15.875,0,47,-0.0039991804978163825,-0.1375,0.15625,198,0.17553191489361702
438,46,15.554347826086957,0,45,-0.01083417203435317,-0.14583333333333331,0.13541666666666669,198,0.19130434782608696
439,26,10.096153846153847,0,25,0.05707123233908951,-0.03611111111111109,0.15277777777777776,100,0.3076923076923077
440,25,10.48,0,24,0.08795602324263042,-0.01249999999999997,0.19841269841269846,112,0.37333333333333335
441,44,15.068181818181818,0,43,0.006748079755892263,-0.1375,0.20555555555555557,190,0.20084566596194503
442,39,13.397435897435898,0,38,0.0029451930344787857,-0.1791666666666666,0.22222222222222224,152,0.20512820512820512
443,39,13.551282051282051,0,38,0.02003265996569572,-0.14444444444444438,0.22222222222222224,158,0.21322537112010798
444,27,10.277777777777779,0,26,0.04201517489711936,-0.1375,0.15781250000000002,102,0.2905982905982906
445,26,10.711538461538462,0,25,0.08304405416012564,-0.014285714285714221,0.1617063492063493,116,0.3569230769230769
446,25,10.48,0,24,0.08651859410430843,-0.01249999999999997,0.17559523809523814,112,0.37333333333333335
447,39,13.243589743589743,0,38,0.00012969504040936797,-0.10416666666666669,0.1875,146,0.1970310391363023
448,26,10.634615384615385,0,25,0.07810897435897439,-0.06567460317460316,0.16815476190476192,114,0.3507692307692308
449,26,10.711538461538462,0,25,0.08046545220652367,-0.00637755102040803,0.1617063492063493,116,0.3569230769230769
450,26,10.173076923076923,0,25,0.05709935897435898,-0.09999999999999998,0.20138888888888892,102,0.31384615384615383
451,34,11.426470588235293,0,33,0.015808823529411774,-0.10937499999999999,0.16666666666666666,108,0.1925133689839572
452,20,9.25,0,19,0.09223639455782315,-0.037159863945578075,0.21250000000000002,90,0.47368421052631576
453,20,8.65,0,19,0.06122482638888892,-0.0972222222222221,0.22222222222222224,78,0.4105263157894737
454,19,8.394736842105264,0,18,0.06658625730994154,-0.09000000000000001,0.22222222222222224,74,0.4327485380116959
455,18,8.027777777777779,0,17,0.06833333333333333,-0.08166666666666669,0.22222222222222224,68,0.4444444444444444
456,33,10.545454545454545,0,32,-0.00017676767676766235,-0.08333333333333326,0.25,84,0.1590909090909091
457,15,7.366666666666666,0,14,0.09220370370370369,0.002499999999999991,0.1875,58,0.5523809523809524
458,34,12.779411764705882,0,33,0.032596997132186216,-0.10624999999999997,0.15342261904761906,154,0.27450980392156865
459,28,11.392857142857142,0,27,0.04825867549400715,-0.06249999999999979,0.1875,130,0.3439153439153439
460,34,12.897058823529411,0,33,0.10082975898692813,-0.015625000000000014,0.20138888888888895,158,0.2816399286987522
461,15,7.5,0,14,0.09978703703703701,0.002499999999999991,0.1875,60,0.5714285714285714
462,14,6.964285714285714,0,13,0.10800099206349205,0.013888888888888914,0.1875,52,0.5714285714285714
463,20,9.25,0,19,0.09223639455782315,-0.037159863945578075,0.21250000000000002,90,0.47368421052631576
464,52,16.557692307692307,0,51,-0.003948985042735023,-0.18055555555555555,0.15277777777777782,198,0.1493212669683258
465,20,8.55,0,19,0.04647222222222224,-0.0833333333333333,0.22222222222222224,76,0.4
466,20,8.85,0,19,0.06279861111111114,-0.0833333333333333,0.22222222222222224,82,0.43157894736842106
467,20,8.45,0,19,0.04869444444444447,-0.0833333333333333,0.22222222222222224,74,0.3894736842105263
468,17,7.529411764705882,0,16,0.14102532679738566,-0.055555555555555504,0.2638888888888889,60,0.4411764705882353
469,12,6.75,0,12,0.14854166666666668,0.020833333333333287,0.24305555555555558,48,0.7272727272727273
470,24,8.833333333333334,0,23,0.03823784722222224,-0.0833333333333333,0.25,74,0.26811594202898553
471,46,15.293478260869565,0,45,0.1552687198067633,0.015000000000000003,0.26666666666666666,186,0.17971014492753623
472,13,7.0,0,12,0.15045940170940172,-0.018333333333333313,0.22777777777777783,52,0.6666666666666666
473,24,9.5,0,23,0.06763333805744524,-0.12400793650793644,0.20833333333333337,90,0.32608695652173914
474,12,6.583333333333333,0,11,0.13932291666666669,0.01874999999999996,0.24305555555555558,46,0.696969696969697
475,12,6.75,0,11,0.16405092592592593,-0.06666666666666672,0.2638888888888889,48,0.7272727272727273
476,14,6.964285714285714,0,13,0.13413194444444448,-0.04166666666666661,0.24305555555555558,52,0.5714285714285714
477,20,8.55,0,19,0.04450694444444446,-0.0833333333333333,0.22222222222222224,76,0.4
478,28,10.25,0,27,0.011966765873015909,-0.11458333333333331,0.22222222222222224,98,0.25925925925925924
479,24,8.916666666666666,0,23,0.05072048611111113,-0.0833333333333333,0.25,76,0.2753623188405797
480,12,6.75,0,12,0.15627893518518518,-0.002777777777777759,0.22916666666666666,48,0.7272727272727273
481,26,9.634615384615385,0,25,0.03745459401709403,-0.125,0.21458333333333335,88,0.27076923076923076
482,22,9.431818181818182,0,21,0.07635732323232326,-0.06875000000000003,0.18055555555555558,92,0.39826839826839827
483,60,17.416666666666668,0,59,-0.005442129629629625,-0.20000000000000004,0.25,160,0.0903954802259887
484,39,13.192307692307692,0,38,0.020832315832315856,-0.09722222222222217,0.17361111111111116,144,0.19433198380566802
485,26,10.173076923076923,0,25,0.05219284188034189,-0.10555555555555551,0.15520833333333336,102,0.31384615384615383
486,15,7.1,0,14,0.18171296296296297,0.02604166666666667,0.2916666666666667,54,0.5142857142857142
487,25,9.36,0,24,0.12796666666666667,-0.08333333333333331,0.2638888888888889,84,0.28
488,35,11.985714285714286,0,34,0.10507738095238096,-0.04166666666666661,0.26666666666666666,122,0.20504201680672268
489,35,12.32857142857143,0,34,0.10914880952380954,-0.047222222222222165,0.2916666666666667,134,0.22521008403361345
490,38,12.93421052631579,0,37,0.13447368421052636,-0.04166666666666661,0.2638888888888889,140,0.19914651493598862
491,38,13.407894736842104,0,37,0.08731143334526797,-0.031249999999999927,0.26666666666666666,158,0.22475106685633
492,33,12.121212121212121,0,32,0.11001473063973063,-0.04722222222222222,0.24375,136,0.25757575757575757
493,32,11.5625,0,31,0.10137586805555557,-0.04166666666666661,0.24305555555555558,122,0.24596774193548387
494,42,13.916666666666666,0,41,0.11224702380952382,-0.041666666666666664,0.26666666666666666,154,0.17886178861788618
495,42,13.869047619047619,0,41,0.10562169312169314,-0.06805555555555558,0.27777777777777773,152,0.1765389082462253
496,41,13.804878048780488,0,40,0.10141768292682929,-0.05624999999999998,0.24375000000000002,156,0.1902439024390244
497,40,13.35,0,39,0.11333159722222223,-0.047222222222222165,0.2916666666666667,144,0.18461538461538463
498,38,13.25,0,37,0.12251995315670128,-0.0260416666666667,0.28125,152,0.21621621621621623
499,43,15.05813953488372,0,42,0.06969961240310077,-0.08916666666666669,0.22916666666666666,196,0.21705426356589147
500,67,18.888059701492537,0,66,0.01635572139303483,-0.185,0.25,160,0.07236544549977386
501,36,12.805555555555555,0,35,0.102758487654321,-0.05416666666666662,0.1947916666666667,146,0.23174603174603176
502,46,14.858695652173912,0,45,0.06479166666666669,-0.14583333333333334,0.25000000000000006,166,0.1603864734299517
503,66,19.886363636363637,0,65,-0.035429808286951116,-0.17361111111111102,0.1875,240,0.11188811188811189
504,21,9.095238095238095,0,20,0.10526455026455027,0.03125,0.20833333333333337,86,0.4095238095238095
505,22,9.704545454545455,0,21,0.10217171717171715,0.02749999999999997,0.19305555555555556,98,0.42424242424242425
506,21,9.380952380952381,0,20,0.10372023809523807,0.024999999999999956,0.190625,92,0.4380952380952381
507,21,9.571428571428571,0,20,0.10541335978835978,0.02749999999999997,0.19305555555555556,96,0.45714285714285713
508,41,14.292682926829269,0,40,0.02928353658536586,-0.09687499999999999,0.15624999999999997,176,0.2146341463414634
509,29,11.482758620689655,0,28,0.09076877590116507,-0.07916666666666669,0.20937499999999998,130,0.32019704433497537
510,30,11.716666666666667,0,29,0.0848357426303855,-0.07916666666666668,0.24305555555555558,134,0.3080459770114943
511,30,11.783333333333333,0,29,0.08431259448223735,-0.08583333333333332,0.24305555555555558,136,0.31264367816091954
512,41,14.487804878048781,0,40,0.07540819783197832,-0.026666666666666672,0.20833333333333334,184,0.22439024390243903
513,37,13.756756756756756,0,36,0.07964086535515108,-0.05486111111111106,0.24305555555555558,176,0.26426426426426425
514,26,10.173076923076923,0,25,0.1034258350776208,-0.03472222222222219,0.2916666666666667,102,0.31384615384615383
515,37,12.837837837837839,0,36,0.11636073573573573,-0.0625,0.26666666666666666,142,0.2132132132132132
516,50,15.81,0,49,0.004920833333333357,-0.125,0.21875,178,0.14530612244897959
517,27,10.648148148148149,0,26,0.113695987654321,-0.040624999999999994,0.24062500000000003,112,0.3190883190883191
518,34,12.779411764705882,0,33,0.09249779078297987,-0.10312500000000002,0.21000000000000002,154,0.27450980392156865
519,32,12.375,0,31,0.09891656923185943,-0.10312500000000002,0.21000000000000002,148,0.29838709677419356
520,35,13.014285714285714,0,34,0.09780705377389054,-0.13437500000000002,0.22222222222222224,158,0.26554621848739496
521,37,13.432432432432432,0,36,0.09196869062940494,-0.13437500000000002,0.2222222222222223,164,0.24624624624624625
522,48,16.375,0,47,0.02041087962962963,-0.11562500000000003,0.16041666666666668,222,0.19680851063829788
523,41,13.609756097560975,0,40,0.11083333333333335,-0.0472222222222222,0.24305555555555558,148,0.18048780487804877
524,29,11.551724137931034,0,28,0.08764827195245915,-0.01180555555555556,0.21527777777777782,132,0.3251231527093596
525,58,18.04310344827586,0,57,-0.029639362929079656,-0.18749999999999994,0.17638888888888893,220,0.13309134906231096
526,57,17.75438596491228,0,56,-0.015024671052631564,-0.15833333333333338,0.18333333333333335,214,0.13408521303258145
527,21,10.047619047619047,0,20,0.09725704567541305,0.02785714285714288,0.1875,106,0.5047619047619047
528,18,9.027777777777779,0,17,0.10832420005039056,0.03472222222222223,0.17083333333333334,86,0.5620915032679739
529,42,14.202380952380953,0,41,0.02440476190476191,-0.11111111111111105,0.15625,166,0.19279907084785133
530,40,13.85,0,39,0.03305902777777777,-0.11111111111111105,0.15625,164,0.21025641025641026
531,74,21.493243243243242,0,73,0.001002367163081472,-0.17361111111111102,0.25,240,0.08885597926693817
532,44,14.613636363636363,0,43,0.019087752525252535,-0.13124999999999998,0.16666666666666669,170,0.17970401691331925
533,44,15.25,0,43,0.022667297979797996,-0.11388888888888886,0.15,198,0.20930232558139536
534,40,13.95,0,39,0.117234375,-0.05625000000000001,0.24375000000000002,168,0.2153846153846154
535,44,14.931818181818182,0,43,0.027589865491651242,-0.11388888888888886,0.13020833333333337,184,0.1945031712473573
536,42,14.488095238095237,0,41,0.04776977209534609,-0.0864583333333333,0.18749999999999997,178,0.2067363530778165
537,43,14.593023255813954,0,42,0.02959275958445395,-0.109375,0.16666666666666666,176,0.19490586932447398
538,41,14.487804878048781,0,40,0.09376524390243902,-0.020000000000000007,0.24305555555555558,184,0.22439024390243903
539,49,15.755102040816327,0,48,0.01344387755102042,-0.08125000000000004,0.1875,184,0.1564625850340136
540,84,22.55952380952381,0,83,0.022185846560846573,-0.12777777777777774,0.25,152,0.04360298336201951
541,44,15.340909090909092,0,43,0.04752335214388785,-0.07916666666666665,0.17777777777777773,202,0.2135306553911205
542,42,13.869047619047619,0,41,0.1230439814814815,-0.055555555555555546,0.25000000000000006,152,0.1765389082462253
543,41,13.853658536585366,0,40,0.12295392953929542,-0.055555555555555546,0.25000000000000006,158,0.1926829268292683
544,41,13.75609756097561,0,40,0.12313177506775069,-0.055555555555555546,0.25000000000000006,154,0.1878048780487805
545,44,14.477272727272727,0,43,0.12413194444444443,-0.055555555555555546,0.25000000000000006,164,0.1733615221987315
546,39,13.705128205128204,0,38,-0.0008386752136751946,-0.1375,0.15104166666666669,164,0.2213225371120108
547,25,9.6,0,24,0.1174277777777778,-0.04166666666666663,0.25,90,0.3
548,25,9.76,0,24,0.13003055555555557,-0.06388888888888883,0.25,94,0.31333333333333335
549,26,9.711538461538462,0,25,0.11791933760683763,-0.10416666666666663,0.25,90,0.27692307692307694
550,52,16.51923076923077,0,51,0.029213408119658137,-0.10416666666666667,0.16666666666666666,196,0.1478129713423831
551,41,14.195121951219512,0,40,0.10100813699463525,-0.055555555555555504,0.26666666666666666,172,0.2097560975609756
552,45,14.644444444444444,0,44,0.11550154320987652,-0.04166666666666663,0.25,164,0.16565656565656567
553,31,11.629032258064516,0,30,0.05407930107526882,-0.11562499999999999,0.190625,128,0.2752688172043011
554,26,9.788461538461538,0,25,0.11671741452991456,-0.04166666666666663,0.25000000000000006,92,0.28307692307692306
555,26,9.942307692307692,0,25,0.12808760683760687,-0.06388888888888888,0.25000000000000006,96,0.2953846153846154
556,52,16.557692307692307,0,51,0.02155181623931626,-0.10555555555555551,0.20138888888888892,198,0.1493212669683258
557,50,15.97,0,49,0.007870833333333344,-0.09416666666666668,0.1444444444444445,186,0.15183673469387754
558,38,12.776315789473685,0,37,0.01356542397660821,-0.08333333333333333,0.20833333333333337,134,0.1906116642958748
559,37,12.621621621621621,0,36,0.016118618618618647,-0.08333333333333333,0.22222222222222224,134,0.2012012012012012
560,27,10.351851851851851,0,26,0.11765174897119345,-0.05555555555555549,0.25000000000000006,104,0.2962962962962963
561,29,10.793103448275861,0,28,0.1195761494252874,-0.065625,0.24305555555555558,110,0.270935960591133
562,48,15.083333333333334,0,47,-0.04918408682917608,-0.18055555555555555,0.125,160,0.14184397163120568
563,40,13.45,0,39,0.02878819444444446,-0.09722222222222217,0.18645833333333336,148,0.18974358974358974
564,19,8.078947368421053,0,18,0.13505847953216374,-0.03472222222222221,0.26666666666666666,68,0.39766081871345027
565,14,7.964285714285714,0,13,0.10833829365079364,0.02291666666666667,0.171875,66,0.7252747252747253
566,13,7.769230769230769,0,12,0.12085470085470086,0.06944444444444445,0.184375,62,0.7948717948717948
567,13,8.23076923076923,0,14,0.12468788156288156,0.07380952380952396,0.16130952380952382,68,0.8717948717948718
568,44,14.613636363636363,0,43,0.03494791666666669,-0.08333333333333329,0.15520833333333334,170,0.17970401691331925
569,45,14.466666666666667,0,44,0.01692438271604941,-0.09166666666666662,0.1875,156,0.15757575757575756
570,46,14.815217391304348,0,45,0.0304634661835749,-0.09722222222222217,0.1875,164,0.15845410628019324
571,47,14.861702127659575,0,46,0.014453309692671425,-0.1166666666666667,0.15625,158,0.1461609620721554
572,47,14.98936170212766,0,46,0.021091903073286067,-0.1166666666666667,0.15972222222222224,164,0.1517113783533765
573,42,14.535714285714286,0,41,0.02512566137566138,-0.1,0.15624999999999997,180,0.20905923344947736
574,51,16.813725490196077,0,50,0.01981481481481483,-0.125,0.16666666666666669,220,0.17254901960784313
575,27,10.277777777777779,0,26,0.1155375514403292,-0.0694444444444444,0.2916666666666667,102,0.2905982905982906
576,27,10.351851851851851,0,26,0.10470421810699587,-0.0694444444444444,0.22222222222222224,104,0.2962962962962963
577,60,18.183333333333334,0,59,0.009274305555555567,-0.12666666666666665,0.18333333333333338,206,0.11638418079096045
578,28,10.535714285714286,0,27,0.11146825396825398,-0.0694444444444444,0.2916666666666667,106,0.2804232804232804
579,38,13.197368421052632,0,37,0.10872240124119825,-0.10625000000000001,0.2916666666666667,150,0.21337126600284495
580,23,10.108695652173912,0,22,0.10402093808537911,-0.03229166666666668,0.2166666666666667,106,0.4189723320158103
581,18,8.36111111111111,0,17,0.10603395061728396,0.015625,0.21944444444444447,74,0.48366013071895425
582,45,15.311111111111112,0,44,0.02012692113882591,-0.07152777777777782,0.16666666666666666,194,0.19595959595959597
583,21,9.285714285714286,0,20,0.09813822751322751,0.015624999999999986,0.21875,90,0.42857142857142855
584,35,12.557142857142857,0,34,0.13394744088111438,-0.09722222222222214,0.25625,142,0.23865546218487396
585,24,10.0,0,23,0.119921875,-0.08250000000000002,0.22916666666666666,102,0.3695652173913043
586,21,9.0,0,20,0.12071097883597884,-0.055555555555555546,0.25,84,0.4
587,21,9.0,0,20,0.11826220170607929,-0.005442176870748113,0.25000000000000006,84,0.4
588,31,11.5,0,30,0.10032034050179213,-0.0625,0.2638888888888889,124,0.26666666666666666
589,27,10.648148148148149,0,26,0.09108796296296298,-0.03472222222222219,0.24305555555555558,112,0.3190883190883191
590,51,16.34313725490196,0,50,0.028571623093681935,-0.09722222222222214,0.18749999999999997,196,0.15372549019607842
591,36,13.083333333333334,0,35,0.09019616874527589,-0.0775,0.20833333333333334,156,0.24761904761904763
592,46,14.380434782608695,0,45,0.020890700483091783,-0.15500000000000003,0.25,144,0.1391304347826087
593,52,17.134615384615383,0,51,0.0338272732971394,-0.10555555555555551,0.1527777777777778,228,0.17194570135746606
594,44,14.840909090909092,0,43,0.04833987193362195,-0.115625,0.25,180,0.19027484143763213
595,45,15.044444444444444,0,44,0.03390847820609728,-0.10416666666666663,0.14583333333333334,182,0.18383838383838383
596,52,17.21153846153846,0,51,0.03251064969256936,-0.11111111111111109,0.1527777777777778,232,0.17496229260935142
597,55,17.136363636363637,0,54,-0.008472840651412057,-0.14583333333333326,0.1527777777777778,200,0.13468013468013468
598,51,16.225490196078432,0,50,-0.028809323111960813,-0.1375,0.16666666666666669,190,0.14901960784313725
599,48,15.0,0,47,-0.025069267290249404,-0.17261904761904756,0.16666666666666669,156,0.13829787234042554
