,budget,budget_upper_bound,max_neighborhood_size,n_players
0,25536,False,3,16
1,3157849664,True,3,72
2,16384,False,3,14
3,2204480,False,3,36
4,153914112,True,3,41
5,2048,False,3,11
6,3851008,False,3,35
7,256,False,3,8
8,954368,False,3,46
9,36646912,True,3,50
10,145344,False,3,28
11,65536,False,3,16
12,4096,False,3,12
13,7986944,False,3,42
14,6133638,False,3,56
15,131072,False,3,17
16,170368,False,3,31
17,14784,False,3,14
18,1229568,False,3,26
19,8192,False,3,13
20,187776,False,3,38
21,15467776,True,3,39
22,99200,False,3,24
23,83904,False,3,22
24,201152,False,3,21
25,1310912,False,3,33
26,273102208,True,3,30
27,31649536,True,3,48
28,16384,False,3,14
29,520192,False,3,24
30,3216768,False,3,32
31,488768,False,3,26
32,345984,False,3,34
33,195776,False,3,20
34,620416,False,3,41
35,1024,False,3,10
36,86464,False,3,18
37,3117056,False,3,62
38,7364610,False,3,165
39,2048,False,3,11
40,606144,False,3,24
41,441280,False,3,29
42,3565312,False,3,35
43,204736,False,3,18
44,142272,False,3,18
45,189376,False,3,27
46,13265920,False,3,42
47,577536,False,3,22
48,54208,False,3,18
49,456128,False,3,30
50,67008,False,3,20
51,56768,False,3,17
52,2161600,False,3,24
53,4669376,False,3,27
54,30469376,True,3,94
55,819200,False,3,25
56,4558144,False,3,34
57,346112,False,3,44
58,131519,False,3,37
59,162816,False,3,26
60,80320,False,3,18
61,139513856,True,3,45
62,1017472,False,3,44
63,2145088,False,3,35
64,94336,False,3,31
65,818112,False,3,22
66,6498663360,True,3,47
67,189376,False,3,26
68,455104,False,3,26
69,117952,False,3,23
70,292736,False,3,29
71,1671488,False,3,30
72,543616,False,3,22
73,1739520,False,3,35
74,106176,False,3,17
75,1613696,False,3,38
76,19547392,True,3,27
77,13017600,True,3,48
78,18978048,True,3,29
79,389120,False,3,31
80,3628416,False,3,31
81,4032,False,3,12
82,790080,False,3,28
83,1457088,False,3,34
84,3036096,False,3,25
85,258944,False,3,19
86,2048,False,3,11
87,2901318432,True,3,64
88,3324480,False,3,36
89,1095744,False,3,39
90,28352,False,3,15
91,9456320,False,3,40
92,368640,False,3,23
93,7193023,False,3,53
94,5076608,False,3,30
95,1433472,False,3,32
96,16384,False,3,14
97,256,False,3,8
98,195968,False,3,26
99,842048,False,3,26
100,16384,False,3,14
101,1270678304,True,3,47
102,16384,False,3,14
103,3042560,False,3,39
104,3072426240,True,3,73
105,1116015248,True,3,68
106,6258688,False,3,28
107,345472,False,3,26
108,184515,False,3,23
109,1105920,False,3,44
110,53184,False,3,16
111,185344,False,3,27
112,455107,False,3,28
113,8192,False,3,13
114,323584,False,3,28
115,1097728,False,3,43
116,159744,False,3,23
117,57792,False,3,18
118,396160,False,3,35
119,564928,False,3,25
120,74432,False,3,20
121,11815104,False,3,42
122,2172928,False,3,37
123,139200,False,3,24
124,657536,False,3,44
125,1209152,False,3,32
126,719808,False,3,22
127,14080512,True,3,57
128,133568,False,3,19
129,215488,False,3,18
130,2175424,False,3,31
131,21834528320,True,3,69
132,1801088,False,3,24
133,1474119,False,3,106
134,63488,False,3,23
135,1014848,False,3,27
136,29120,False,3,15
137,383424,False,3,22
138,3800127,False,3,55
139,43968,False,3,16
140,951616,False,3,30
141,21484896,True,3,60
142,866240,False,3,58
143,5056640,False,3,38
144,5462015,False,3,57
145,739985,False,3,60
146,98240,False,3,29
147,9216,False,3,17
148,153983552,True,3,57
149,30303872,True,3,26
150,800704,False,3,35
151,138112,False,3,31
152,736960,False,3,26
153,32768,False,3,15
154,54656,False,3,25
155,82880,False,3,17
156,1473472,False,3,32
157,32,False,3,5
158,18557376,True,3,85
159,776896,False,3,27
160,123776,False,3,30
161,3142451392,True,3,68
162,190912,False,3,26
163,121280,False,3,19
164,122342912,True,3,38
165,230080,False,3,24
166,10260164,True,3,39
167,61053760,True,3,75
168,161792,False,3,24
169,121792,False,3,21
170,3190400,False,3,38
171,172033,False,3,20
172,63168,False,3,17
173,1279424,False,3,36
174,1906240,False,3,44
175,5123136,False,3,45
176,256,False,3,8
177,4348800,False,3,73
178,68480,False,3,23
179,570560,False,3,25
180,32768,False,3,21
181,470400,False,3,36
182,1202175,False,3,67
183,3362816,False,3,31
184,131072,False,3,17
185,864128,False,3,42
186,91584,False,3,18
187,30720,False,3,17
188,23232,False,3,15
189,14784,False,3,14
190,225280,False,3,28
191,65728,False,3,18
192,16,False,3,4
193,779136,False,3,28
194,512,False,3,9
195,25542,False,3,20
196,262144,False,3,18
197,4096,False,3,12
198,192960,False,3,20
199,8388608,True,3,23
200,1713280,False,3,35
201,4542656,False,3,37
202,1542016,False,3,78
203,736064,False,3,44
204,828992,False,3,29
205,4096,False,3,12
206,6187910,False,3,56
207,1048576,False,3,20
208,347072,False,3,28
209,589824,False,3,29
210,8064,False,3,13
211,67108864,True,3,26
212,206272,False,3,28
213,91072,False,3,20
214,4744643,False,3,42
215,24512,False,3,15
216,3158720,False,3,35
217,1445760,False,3,24
218,87232,False,3,24
219,23463424,True,3,78
220,13484041,False,3,108
221,27584,False,3,15
222,367488,False,3,35
223,258944,False,3,22
224,307520,False,3,26
225,2272448,False,3,35
226,82880,False,3,19
227,61440,False,3,18
228,77504,False,3,20
229,90560,False,3,19
230,401280,False,3,23
231,6629952,False,3,46
232,1440000,False,3,28
233,1505344,False,3,34
234,269440,False,3,34
235,7276416,False,3,58
236,622592,False,3,25
237,1782144,False,3,31
238,178112,False,3,29
239,32768,False,3,15
240,43968,False,3,16
241,166528,False,3,33
242,10070275,False,3,69
243,8192,False,3,13
244,1579776,False,3,34
245,29120,False,3,15
246,14193397442,True,3,116
247,172480,False,3,20
248,215488,False,3,18
249,1895872,False,3,35
250,1197632,False,3,26
251,36864,False,3,16
252,12147584,False,3,39
253,3043520,False,3,36
254,149376,False,3,21
255,2043328,False,3,41
256,689600,False,3,21
257,62400,False,3,20
258,12288,False,3,14
259,953421120,True,3,70
260,104384,False,3,17
261,916480,False,3,32
262,146368,False,3,22
263,1367616,False,3,33
264,501056,False,3,29
265,176579,False,3,24
266,200128,False,3,23
267,664192,False,3,36
268,346561,False,3,23
269,91584,False,3,18
270,68800,False,3,18
271,1294336,False,3,26
272,24832,False,3,16
273,281472,False,3,47
274,46592,False,3,27
275,45056,False,3,17
276,2602375,False,3,55
277,79,False,3,10
278,253658,False,3,367
279,2878336,False,3,33
280,2048,False,3,11
281,157568,False,3,28
282,1370368,False,3,31
283,1037632,False,3,43
284,2202688,False,3,39
285,22976,False,3,15
286,10260164,True,3,39
287,163776,False,3,20
288,6489408,False,3,48
289,530304,False,3,24
290,13491200,True,3,57
291,7445184,False,3,37
292,271808,False,3,23
293,2048,False,3,11
294,104384,False,3,17
295,145856,False,3,22
296,3353279,False,3,162
297,128,False,3,7
298,32768,False,3,15
299,1500096,False,3,34
300,2048,False,3,11
301,362560,False,3,36
302,22773274,False,3,125
303,196480,False,3,37
304,303680,False,3,35
305,49153,False,3,17
306,73412672,True,3,75
307,536870912,True,3,29
308,231616,False,3,20
309,57665,False,3,17
310,512,False,3,9
311,640896,False,3,25
312,2542208,False,3,49
313,2337536,False,3,41
314,131072,False,3,17
315,12709888,False,3,52
316,4321554496,True,3,41
317,1948864,False,3,34
318,144320,False,3,24
319,141249152,True,3,39
320,98496,False,3,18
321,2312128,False,3,96
322,234944,False,3,34
323,1048576,False,3,20
324,1995648,False,3,44
325,5160832,False,3,64
326,104384,False,3,17
327,1277184,False,3,28
328,49152,False,3,16
329,31744,False,3,20
330,3185920,False,3,35
331,4719831968,True,3,68
332,16777216,True,3,24
333,303552,False,3,28
334,4096,False,3,12
335,71104,False,3,21
336,97216,False,3,22
337,169600,False,3,30
338,374720,False,3,21
339,253933,False,3,272
340,3170432,False,3,34
341,64,False,3,6
342,936832,False,3,31
343,326784,False,3,29
344,9618305,False,3,62
345,7616,False,3,13
346,598784,False,3,26
347,49152,False,3,17
348,247296,False,3,19
349,1324800,False,3,30
350,30454784,True,3,88
351,2579136,False,3,36
352,5792640,False,3,87
353,1024,False,3,10
354,81920,False,3,18
355,754368,False,3,32
356,4096,False,3,12
357,12289,False,3,15
358,1581760,False,3,40
359,1369664,False,3,34
360,4288768,False,3,34
361,99264,False,3,18
362,36613440,True,3,55
363,655552,False,3,28
364,1024,False,3,10
365,61376,False,3,19
366,264064,False,3,32
367,199104,False,3,20
368,117504,False,3,29
369,189952,False,3,33
370,1362880,False,3,33
371,1417728,False,3,31
372,27584,False,3,15
373,16384,False,3,14
374,262528,False,3,23
375,36096,False,3,22
376,100288,False,3,25
377,1361344,False,3,30
378,65536,False,3,16
379,1102208,False,3,28
380,163840,False,3,28
381,622592,False,3,22
382,245632,False,3,30
383,47040,False,3,18
384,84800,False,3,37
385,2097152,False,3,21
386,379782,False,3,41
387,159744,False,3,23
388,1707904,False,3,32
389,665984,False,3,24
390,2585984,False,3,33
391,37312,False,3,16
392,22528,False,3,16
393,169920,False,3,18
394,2495936,False,3,38
395,2442496,False,3,41
396,107904,False,3,30
397,5026179,False,3,43
398,53184,False,3,20
399,209344,False,3,22
400,310464,False,3,20
401,88064,False,3,25
402,184512,False,3,24
403,1417152,False,3,32
404,1048576,False,3,20
405,77248,False,3,25
406,2117568,False,3,34
407,4025472,False,3,35
408,65536,False,3,16
409,120192,False,3,29
410,1024,False,3,10
411,29120,False,3,15
412,4032,False,3,12
413,43968,False,3,16
414,903616,False,3,30
415,118720,False,3,18
416,1786112,False,3,30
417,512,False,3,9
418,1806528,False,3,35
419,703683,False,3,39
420,217536,False,3,31
421,11264,False,3,18
422,47104,False,3,18
423,568768,False,3,26
424,2615168,False,3,35
425,36579656,True,3,59
426,344064,False,3,24
427,265152,False,3,21
428,159936,False,3,28
429,5201792,False,3,42
430,204736,False,3,18
431,47104,False,3,18
432,47040,False,3,16
433,68608,False,3,24
434,623104,False,3,45
435,2229440,False,3,35
436,1024,False,3,10
437,22528,False,3,16
438,128,False,3,7
439,1431041,False,3,52
440,196608,False,3,18
441,1925258496,True,3,58
442,128832,False,3,27
443,1029504,False,3,25
444,528192,False,3,30
445,29120,False,3,15
446,387008,False,3,21
447,3002624256,True,3,82
448,2048,False,3,11
449,1626432,False,3,28
450,491520,False,3,21
451,1440000,False,3,28
452,1757056,False,3,24
453,11018944,False,3,35
454,4043968,False,3,38
455,333696,False,3,31
456,1131392,False,3,30
457,1429507,False,3,63
458,137664,False,3,18
459,1440000,False,3,28
460,235392,False,3,29
461,473984,False,3,32
462,214336,False,3,22
463,1364288,False,3,27
464,299071,False,3,31
465,180224,False,3,19
466,160128,False,3,21
467,298368,False,3,44
468,4096,False,3,12
469,14784,False,3,14
470,655363,False,3,24
471,705920,False,3,28
472,1353152,False,3,33
473,156608,False,3,25
474,363968,False,3,30
475,146115328,True,3,34
476,294912,False,3,22
477,50112,False,3,18
478,6301886,False,3,64
479,16697491648,True,3,82
480,3263846912,True,3,57
481,154560,False,3,20
482,50112,False,3,18
483,82944,False,3,24
484,63168,False,3,17
485,268736,False,3,19
486,1412992,False,3,30
487,16937536,True,3,33
488,1277184,False,3,28
489,37531968,True,3,57
490,811648,False,3,35
491,43456,False,3,17
492,462656,False,3,32
493,174784,False,3,32
494,29120,False,3,15
495,605056,False,3,24
496,16384,False,3,14
497,11117249,False,3,93
498,158656,False,3,19
499,1229568,False,3,26
500,1808576,False,3,33
501,522560,False,3,27
502,3323264,False,3,28
503,4288512,False,3,26
504,68881024,True,3,76
505,446464,False,3,44
506,100288,False,3,20
507,35885632,True,3,33
508,262144,False,3,18
509,19968,False,3,21
510,287488,False,3,43
511,132032,False,3,19
512,1027584,False,3,35
513,1103616,False,3,30
514,8195,False,3,15
515,2048,False,3,11
516,29632,False,3,20
517,385216,False,3,28
518,94,False,3,14
519,77760,False,3,19
520,998337,False,3,45
521,3899328,False,3,37
522,89984,False,3,27
523,632832,False,3,47
524,512,False,3,9
525,332224,False,3,28
526,65536,False,3,16
527,2617348,False,3,40
528,262976,False,3,47
529,586624,False,3,35
530,659648,False,3,28
531,541696,False,3,36
532,107456,False,3,23
533,63168,False,3,17
534,451456,False,3,27
535,189888,False,3,25
536,52004096,True,3,27
537,2048,False,3,11
538,4032,False,3,12
539,14784,False,3,14
540,468416,False,3,29
541,43065888,True,3,65
542,14336,False,3,15
543,347776,False,3,33
544,93184,False,3,22
545,36726048,True,3,43
546,14784,False,3,14
547,1760000,False,3,74
548,242304,False,3,34
549,1319808,False,3,31
550,31936,False,3,16
551,2097152,False,3,21
552,8192,False,3,13
553,32768,False,3,15
554,63424,False,3,21
555,215552,False,3,27
556,329664,False,3,23
557,122752,False,3,18
558,1671488,False,3,30
559,1782144,False,3,31
560,381887,False,3,55
561,2500992,False,3,48
562,4186304,False,3,38
563,198784,False,3,37
564,3899392,False,3,23
565,1384000,False,3,37
566,64,False,3,6
567,6354111,False,3,48
568,62912,False,3,17
569,275136,False,3,31
570,873472,False,3,40
571,241600,False,3,27
572,38080,False,3,17
573,355008,False,3,21
574,256,False,3,8
575,769261664,True,3,44
576,594177920,True,3,55
577,1630592,False,3,38
578,1298496,False,3,30
579,475136,False,3,29
580,204800,False,3,24
581,1786048,False,3,34
582,4999739520,True,3,95
583,96704,False,3,19
584,96192,False,3,24
585,28608,False,3,16
586,2048128,False,3,46
587,1278784,False,3,32
588,548864,False,3,21
589,2048,False,3,11
590,4096,False,3,12
591,452352,False,3,49
592,3102400,False,3,36
593,425664,False,3,22
594,659136,False,3,28
595,1024,False,3,10
596,3974848,False,3,25
597,79232,False,3,25
598,264576,False,3,31
599,986944,False,3,43
600,842176,False,3,24
601,115648,False,3,34
602,8192,False,3,13
603,117184,False,3,22
604,45504,False,3,16
605,4389504,False,3,37
606,45056,False,3,17
607,39360,False,3,16
608,3894336,False,3,38
609,1738432,False,3,32
610,773787808,True,3,45
611,145856,False,3,22
612,1837312,False,3,32
613,2083712,False,3,35
614,2484160,False,3,36
615,254400,False,3,28
616,333184,False,3,20
617,6666240,False,3,54
618,696064,False,3,38
619,131072,False,3,17
620,75264,False,3,30
621,155072,False,3,19
622,950272,False,3,45
623,3407872,False,3,26
624,143744,False,3,26
625,36288,False,3,16
626,274432,False,3,23
627,2380288,False,3,42
628,1599168,False,3,54
629,27328,False,3,15
630,294912,False,3,19
631,1024,False,3,10
632,32768,False,3,15
633,8192,False,3,13
634,330176,False,3,32
635,11264,False,3,15
636,298944,False,3,24
637,104387,False,3,19
638,1621379,False,3,43
639,1278208,False,3,47
640,171583,False,3,27
641,517440,False,3,30
642,440256,False,3,28
643,114688,False,3,24
644,541504,False,3,33
645,462272,False,3,28
646,267648,False,3,36
647,8804864,False,3,54
648,128,False,3,7
649,151936,False,3,20
650,1414848,False,3,34
651,3605696,False,3,35
652,257472,False,3,32
653,2048,False,3,11
654,143808,False,3,18
655,933888,False,3,38
656,6130742336,True,3,73
657,252352,False,3,21
658,7705984,False,3,60
659,65536,False,3,16
660,589824,False,3,32
661,151424,False,3,32
662,1139840,False,3,36
663,9394432,False,3,67
664,18368,False,3,15
665,16384,False,3,14
666,16384,False,3,14
667,609151,False,3,67
668,1972160,False,3,33
669,69312,False,3,20
670,65536,False,3,16
671,298496,False,3,38
672,280454,False,3,30
673,1560576,False,3,36
674,694144,False,3,30
675,3428352,False,3,38
676,115406400,True,3,38
677,788800,False,3,38
678,548352,False,3,30
679,154560,False,3,26
680,4684928,False,3,38
681,11264,False,3,21
682,506880,False,3,35
683,1301312,False,3,35
684,1332480,False,3,32
685,180137824,True,3,83
686,2048,False,3,11
687,269248,False,3,31
688,72128,False,3,17
689,8192,False,3,13
690,64259,False,3,25
691,1979264,False,3,40
692,162240,False,3,20
693,185344,False,3,27
694,128,False,3,7
695,90112,False,3,18
696,554880,False,3,32
697,1645888,False,3,33
698,1167936,False,3,28
699,29120,False,3,15
700,2266944,False,3,43
701,1419648,False,3,36
702,699200,False,3,28
703,327040,False,3,27
704,56448,False,3,28
705,1345792,False,3,32
706,272771,False,3,46
707,4677632,False,3,27
708,266624,False,3,26
709,2153152,False,3,42
710,640192,False,3,33
711,52012672,True,3,26
712,512,False,3,9
713,14592,False,3,14
714,177024,False,3,28
715,16146432,True,3,51
716,3648704,False,3,35
717,25536,False,3,16
718,4316928,False,3,36
719,164329216,True,3,97
720,4670912,False,3,44
721,98304,False,3,20
722,419456,False,3,27
723,110592,False,3,36
724,7563008,False,3,43
725,15761216,True,3,44
726,16384,False,3,14
727,1167936,False,3,28
728,4659648,False,3,26
729,362816,False,3,28
730,2636032,False,3,33
731,124160,False,3,21
732,2736960,False,3,36
733,50816,False,3,28
734,425383,False,3,22
735,1113344,False,3,31
736,14784,False,3,14
737,4396416,False,3,26
738,131072,False,3,17
739,43648,False,3,18
740,2675136,False,3,34
741,188416,False,3,20
742,2896512,False,3,33
743,77342458,True,3,112
744,635584,False,3,29
745,1741564800,True,3,72
746,192896,False,3,19
747,407424,False,3,24
748,8000,False,3,13
749,91328,False,3,17
750,193920,False,3,31
751,51648,False,3,18
752,68032,False,3,19
753,3740352,False,3,38
754,399232,False,3,39
755,1556480,False,3,55
756,37312,False,3,18
757,683648,False,3,41
758,512,False,3,9
759,29120,False,3,15
760,54464,False,3,20
761,16384,False,3,14
762,2116352,False,3,39
763,201408,False,3,21
764,1510144,False,3,29
765,663552,False,3,29
766,283584,False,3,19
767,606208,False,3,24
768,2256896,False,3,25
769,131072,False,3,17
770,5673429,False,3,52
771,72986176,True,3,76
772,4096,False,3,12
773,1891587,False,3,39
774,105344,False,3,28
775,95104,False,3,27
776,333184,False,3,20
777,97792,False,3,44
778,2600576,False,3,38
779,7616,False,3,13
780,434176,False,3,30
781,150464,False,3,25
782,734592,False,3,30
783,14659594,False,3,109
784,14442944,False,3,43
785,128640,False,3,32
786,1892800,False,3,41
787,199104,False,3,20
788,762752,False,3,30
789,128,False,3,7
790,2510208,False,3,50
791,25536,False,3,16
792,16384,False,3,14
793,14784,False,3,14
794,88000,False,3,27
795,142272,False,3,24
796,25536,False,3,16
797,110336,False,3,19
798,94912,False,3,22
799,2818240,False,3,32
800,5742592,False,3,40
801,2380224,False,3,28
802,296896,False,3,22
803,64,False,3,6
804,971328,False,3,28
805,92160,False,3,28
806,2048,False,3,11
807,3262016,False,3,94
808,3656832,False,3,88
809,2261696,False,3,35
810,2272448,False,3,35
811,749376,False,3,30
812,32448,False,3,16
813,547712,False,3,34
814,1076352,False,3,33
815,1190146,False,3,69
816,394112,False,3,30
817,16384,False,3,14
818,336642048,True,3,42
819,247872,False,3,30
820,237568,False,3,42
821,36096,False,3,16
822,2048,False,3,11
823,3605696,False,3,35
824,811392,False,3,25
825,2072448,False,3,44
826,4135936,False,3,32
827,1462336,False,3,39
828,465920,False,3,65
829,44047392,True,3,57
830,408576,False,3,27
831,11778944,False,3,46
832,253376,False,3,28
833,1612864,False,3,36
834,125376,False,3,27
835,32256,False,3,24
836,321536,False,3,34
837,251776,False,3,30
838,1301952,False,3,36
839,422282,False,3,30
840,9589056,True,3,52
841,1310144,False,3,31
842,59840,False,3,19
843,11200,False,3,14
844,203136,False,3,38
845,77248,False,3,25
846,98304,False,3,19
847,19600384,True,3,30
848,63168,False,3,17
849,33920,False,3,28
850,338816,False,3,32
851,204672,False,3,20
852,950272,False,3,39
853,17343360,True,3,73
854,122752,False,3,29
855,131072,False,3,17
856,620416,False,3,41
857,97216,False,3,20
858,40320,False,3,26
859,2815936,False,3,42
860,1438720,False,3,96
861,775234,False,3,48
862,1764160,False,3,50
863,8462016,False,3,42
864,50368,False,3,21
865,1792,False,3,12
866,8192,False,3,13
867,32,False,3,5
868,143245184,True,3,98
869,10237952,False,3,80
870,499712,False,3,27
871,1019904,False,3,47
872,783743,False,3,36
873,80320,False,3,18
874,2037824,False,3,37
875,1457088,False,3,34
876,212992,False,3,29
877,1387392,False,3,25
878,5301697,False,3,43
879,159744,False,3,28
880,7616,False,3,13
881,1948864,False,3,34
882,34624828160,True,3,58
883,3459712,False,3,52
884,117184,False,3,22
885,1113728,False,3,36
886,11264,False,3,15
887,34304,False,3,23
888,269696,False,3,24
889,279680,False,3,29
890,1566976,False,3,33
891,4724736,False,3,31
892,1047680,False,3,36
893,390080,False,3,19
894,12288,False,3,14
895,1043392,False,3,22
896,32768,False,3,15
897,447872,False,3,30
898,14784,False,3,14
899,155072,False,3,19
900,156032,False,3,26
901,104384,False,3,17
902,2116992,False,3,42
903,143040,False,3,34
904,768768,False,3,30
905,16384,False,3,20
906,972096,False,3,29
907,158144,False,3,27
908,123328,False,3,18
909,24114880,True,3,68
910,299200,False,3,23
911,6094464,False,3,41
912,9170176,False,3,36
913,56768,False,3,16
914,4983488,False,3,38
915,139136,False,3,24
916,1535872,False,3,30
917,324480,False,3,24
918,257,False,3,9
919,162816,False,3,42
920,2669504,False,3,31
921,53184,False,3,16
922,318400,False,3,24
923,133568,False,3,36
924,3293120,False,3,43
925,1589120,False,3,79
926,353664,False,3,26
927,311296,False,3,24
928,82368,False,3,18
929,165312,False,3,18
930,9297664,True,3,35
931,99264,False,3,18
932,1594048,False,3,36
933,20480,False,3,15
934,52672,False,3,19
935,512,False,3,9
936,2994368,False,3,40
937,675712,False,3,41
938,2484160,False,3,36
939,2247296,False,3,38
940,1247488,False,3,32
941,30368192,True,3,27
942,8192,False,3,13
943,3140297168,True,3,76
944,29120,False,3,15
945,151936,False,3,20
946,7038144,False,3,38
947,704832,False,3,27
948,141312,False,3,28
949,1779456,False,3,31
950,116096,False,3,26
951,123776,False,3,30
952,76452368,True,3,79
953,1294912,False,3,26
954,383424,False,3,22
955,65536,False,3,16
956,1364288,False,3,27
957,249792,False,3,20
958,21504,False,3,18
959,3074624,False,3,40
960,227776,False,3,29
961,41295168,True,3,43
962,325568,False,3,25
963,6226624,False,3,52
964,49600,False,3,23
965,8192,False,3,13
966,4032,False,3,12
967,142272,False,3,18
968,5804480,False,3,60
969,1961920,False,3,35
970,8192,False,3,13
971,5211520,False,3,47
972,258944,False,3,22
973,1122112,False,3,35
974,529536,False,3,25
975,3496832,False,3,52
976,512,False,3,9
977,2466176,False,3,48
978,2512320,False,3,36
979,7616,False,3,13
980,3129344,False,3,27
981,85952,False,3,17
982,417984,False,3,29
983,256,False,3,8
984,739264,False,3,30
985,133950,False,3,48
986,1211840,False,3,25
987,836864,False,3,33
988,1234176,False,3,32
989,1510144,False,3,29
990,1512896,False,3,26
991,1024,False,3,10
992,640896,False,3,25
993,102400,False,3,26
994,376832,False,3,21
995,288128,False,3,24
996,1948864,False,3,34
997,16384,False,3,14
998,36237440,True,3,48
999,1566976,False,3,33
1000,16384,False,3,14
1001,417792,False,3,26
1002,1825792,False,3,33
1003,49600,False,3,19
1004,52080384,True,3,27
1005,262144,False,3,21
1006,1024,False,3,10
1007,1562432,False,3,28
1008,292736,False,3,29
1009,1081283,False,3,29
1010,174080,False,3,26
1011,54208,False,3,18
1012,521536,False,3,24
1013,54272,False,3,21
1014,178560,False,3,23
1015,278336,False,3,24
1016,1638400,False,3,57
1017,1142784,False,3,24
1018,4679808,False,3,31
1019,32831,False,3,23
1020,51712,False,3,22
1021,68608,False,3,18
1022,79232,False,3,25
1023,134144,False,3,29
1024,422272,False,3,25
1025,256,False,3,8
1026,239617,False,3,42
1027,4707776,False,3,48
1028,157888,False,3,19
1029,1964228,False,3,76
1030,135168,False,3,30
1031,344064,False,3,24
1032,280448,False,3,26
1033,278336,False,3,24
1034,274624,False,3,21
1035,506496,False,3,34
1036,1024,False,3,10
1037,12288,False,3,14
1038,3172288,False,3,38
1039,317440,False,3,29
1040,1958338,False,3,36
1041,185731,False,3,29
1042,563136,False,3,20
1043,4862336,False,3,34
1044,339330,False,3,29
1045,39872,False,3,17
1046,287296,False,3,34
1047,512,False,3,9
1048,363200,False,3,39
1049,256,False,3,8
1050,84290432,True,3,46
1051,113024,False,3,28
1052,3499006,False,3,61
1053,32768,False,3,15
1054,143808,False,3,18
1055,2945003216,True,3,51
1056,1095679,False,3,65
1057,4871937,False,3,43
1058,175488,False,3,34
1059,12040320,True,3,33
1060,2421760,False,3,36
1061,199104,False,3,20
1062,386944,False,3,36
1063,1496320,False,3,26
1064,2396928,False,3,28
1065,118144,False,3,29
1066,23552,False,3,15
1067,199681,False,3,35
1068,562112,False,3,24
1069,3114432,False,3,31
1070,649280,False,3,24
1071,755584,False,3,31
1072,4464576,False,3,42
1073,1266048,False,3,28
1074,86912,False,3,27
1075,327110,False,3,23
1076,524288,False,3,28
1077,119744,False,3,28
1078,1588032,False,3,35
1079,1854720,False,3,33
1080,122880,False,3,35
1081,1050240,False,3,42
1082,335872,False,3,36
1083,170944,False,3,21
1084,27292160,True,3,73
1085,191889968,True,3,123
1086,29120,False,3,15
1087,97731,False,3,28
1088,61440,False,3,18
1089,53184,False,3,22
1090,14336,False,3,15
1091,1229568,False,3,26
1092,79232,False,3,25
1093,175296,False,3,19
1094,616320,False,3,25
1095,16384,False,3,14
1096,7496896,False,3,41
1097,409472,False,3,23
1098,4706816,False,3,52
1099,7276416,False,3,58
1100,2048,False,3,11
1101,1302784,False,3,33
1102,4259840,False,3,23
1103,280448,False,3,26
1104,48041664,True,3,38
1105,28352,False,3,15
1106,39360,False,3,16
1107,1027,False,3,12
1108,82368,False,3,18
1109,136064,False,3,24
1110,72128,False,3,17
1111,168960,False,3,24
1112,1471104,False,3,32
1113,1122304,False,3,45
1114,3043456,False,3,51
1115,2528512,False,3,31
1116,4390912,False,3,25
1117,995968,False,3,34
1118,1119296,False,3,27
1119,161920,False,3,43
1120,258496,False,3,20
1121,14784,False,3,14
1122,406144,False,3,32
1123,98304,False,3,24
1124,82368,False,3,18
1125,9405824,False,3,50
1126,4640768,False,3,48
1127,99008,False,3,23
1128,838016,False,3,29
1129,403328,False,3,32
1130,6301376,False,3,48
1131,132480,False,3,19
1132,4294967296,True,3,32
1133,122752,False,3,18
1134,845184,False,3,31
1135,16384,False,3,14
1136,53184,False,3,16
1137,415104,False,3,36
1138,2048,False,3,11
1139,65536,False,3,16
1140,53696,False,3,20
1141,537024,False,3,20
1142,8192,False,3,13
1143,120512,False,3,20
1144,18022080,False,3,92
1145,206848,False,3,31
1146,27584,False,3,15
1147,1393984,False,3,30
1148,154624,False,3,24
1149,4194304,False,3,22
1150,1170944,False,3,33
1151,4315395080,True,3,59
1152,2229440,False,3,35
1153,11796032,True,3,32
1154,3079424,False,3,34
1155,326016,False,3,31
1156,1507072,False,3,28
1157,145088,False,3,19
1158,4096,False,3,12
1159,128,False,3,7
1160,131072,False,3,17
1161,92352,False,3,19
1162,8192,False,3,13
1163,3513027,False,3,32
1164,380800,False,3,22
1165,300992,False,3,19
1166,281363488,True,3,30
1167,360256,False,3,38
1168,136128,False,3,24
1169,82368,False,3,32
1170,1640640,False,3,37
1171,645120,False,3,32
1172,399232,False,3,39
1173,39936,False,3,18
1174,367424,False,3,26
1175,15808,False,3,15
1176,149504,False,3,34
1177,1679104,False,3,35
1178,256832,False,3,19
1179,131072,False,3,17
1180,39680,False,3,23
1181,346816,False,3,30
1182,300928,False,3,25
1183,83456,False,3,39
1184,1270720,False,3,30
1185,64,False,3,6
1186,29120,False,3,15
1187,5761472,False,3,60
1188,4096,False,3,12
1189,36715072,True,3,39
1190,197056,False,3,21
1191,32768,False,3,15
1192,2615232,False,3,37
1193,1564673,False,3,57
1194,724352,False,3,28
1195,638976,False,3,25
1196,1440000,False,3,28
1197,2452544,False,3,32
1198,24512,False,3,15
1199,268672,False,3,40
1200,1312768,False,3,22
1201,133568,False,3,19
1202,79872,False,3,19
1203,14784,False,3,14
1204,1193344,False,3,46
1205,1720320,False,3,28
1206,1219392,False,3,38
1207,1972160,False,3,33
1208,443072,False,3,24
1209,1259776,False,3,33
1210,1317632,False,3,33
1211,68032,False,3,18
1212,2097152,False,3,21
1213,842048,False,3,26
1214,32768,False,3,15
1215,3451520,False,3,58
1216,3363008,False,3,32
1217,1712896,False,3,29
1218,6805760,False,3,47
1219,2229440,False,3,35
1220,173056,False,3,24
1221,68544,False,3,20
1222,25190784,True,3,52
1223,303552,False,3,28
1224,2433216,False,3,36
1225,185472,False,3,36
1226,31649544,True,3,50
1227,8192,False,3,13
1228,1195840,False,3,47
1229,8192,False,3,13
1230,75712,False,3,21
1231,177600,False,3,28
1232,940864,False,3,40
1233,253762,False,3,362
1234,4032,False,3,12
1235,753728,False,3,38
1236,1159168,False,3,29
1237,768,False,3,10
1238,7616,False,3,13
1239,14784,False,3,14
1240,1209152,False,3,28
1241,1738432,False,3,32
1242,14592,False,3,14
1243,1855488,False,3,31
1244,18104384,True,3,26
1245,724928,False,3,25
1246,133568,False,3,19
1247,30720,False,3,17
1248,699328,False,3,44
1249,681664,False,3,34
1250,4032,False,3,12
1251,2048,False,3,11
1252,154560,False,3,18
1253,44480,False,3,17
1254,2097152,False,3,21
1255,1024,False,3,10
1256,835584,False,3,30
1257,82944,False,3,22
1258,950272,False,3,33
1259,909632,False,3,30
1260,33792,False,3,21
1261,737664,False,3,31
1262,54464,False,3,20
1263,1081664,False,3,30
1264,6777280,False,3,36
1265,141760,False,3,24
1266,170944,False,3,21
1267,2433216,False,3,36
1268,982336,False,3,28
1269,113088,False,3,21
1270,16384,False,3,14
1271,399232,False,3,39
1272,3341056,False,3,34
1273,285120,False,3,33
1274,52928,False,3,16
1275,370563,False,3,23
1276,124544,False,3,18
1277,17203904,False,3,81
1278,568000,False,3,24
1279,199104,False,3,20
1280,768384,False,3,22
1281,110784,False,3,27
1282,169216,False,3,27
1283,10240,False,3,16
1284,143808,False,3,18
1285,256,False,3,8
1286,79232,False,3,25
1287,1220480,False,3,29
1288,38080,False,3,17
1289,2450240,False,3,30
1290,2865111328,True,3,52
1291,62912,False,3,29
1292,3019648,False,3,35
1293,1324928,False,3,41
1294,2048,False,3,11
1295,104384,False,3,29
1296,50112,False,3,24
1297,4670400,False,3,28
1298,4396992,False,3,25
1299,35979264,True,3,28
1300,600896,False,3,28
1301,1187456,False,3,30
1302,131072,False,3,17
1303,1687424,False,3,29
1304,288384,False,3,42
1305,72128,False,3,17
1306,681024,False,3,38
1307,862211,False,3,49
1308,490368,False,3,28
1309,3110144,False,3,38
1310,4710400,False,3,28
1311,245760,False,3,20
1312,694656,False,3,27
1313,95680,False,3,25
1314,576832,False,3,43
1315,1217920,False,3,39
1316,2633088,False,3,26
1317,196416,False,3,20
1318,128704,False,3,24
1319,2097152,False,3,21
1320,158144,False,3,23
1321,844483648,True,3,70
1322,868864,False,3,29
1323,77248,False,3,25
1324,419456,False,3,40
1325,20240576,True,3,36
1326,238016,False,3,21
1327,545664,False,3,32
1328,382336,False,3,21
1329,779585,False,3,45
1330,268435456,True,3,28
1331,24576,False,3,15
1332,20933504,True,3,43
1333,671552,False,3,28
1334,333184,False,3,20
1335,1808576,False,3,33
1336,3749824,False,3,42
1337,179392,False,3,27
1338,460992,False,3,38
1339,1390016,False,3,31
1340,776896,False,3,27
1341,606208,False,3,33
1342,280448,False,3,26
1343,8192,False,3,13
1344,4096,False,3,12
1345,1228672,False,3,26
1346,342400,False,3,27
1347,256,False,3,8
1348,162752,False,3,38
1349,859072,False,3,42
1350,1632512,False,3,28
1351,17495296,True,3,50
1352,2091712,False,3,32
1353,620480,False,3,23
1354,2703616,False,3,33
1355,166336,False,3,21
1356,2247296,False,3,38
1357,518144,False,3,35
1358,1165312,False,3,21
1359,166272,False,3,23
1360,11631488,False,3,46
1361,14784,False,3,14
1362,14784,False,3,14
1363,122752,False,3,18
1364,1119680,False,3,21
1365,48064,False,3,20
1366,143808,False,3,18
1367,462912,False,3,37
1368,99200,False,3,24
1369,7645440,False,3,44
1370,105344,False,3,30
1371,171904,False,3,29
1372,4032,False,3,12
1373,45056,False,3,17
1374,90560,False,3,17
1375,1582270,False,3,56
1376,200576,False,3,32
1377,434560,False,3,35
1378,5402048,False,3,49
1379,33439872,True,3,30
1380,260032,False,3,31
1381,2048,False,3,11
1382,32768,False,3,15
1383,256,False,3,8
1384,1614272,False,3,31
1385,1342400,False,3,31
1386,3365824,False,3,42
1387,4820416,False,3,37
1388,829312,False,3,27
1389,239040,False,3,28
1390,41295968,True,3,43
1391,58048,False,3,23
1392,729152,False,3,43
1393,381312,False,3,26
1394,3636680,False,3,42
1395,29696,False,3,19
1396,82112,False,3,18
1397,385216,False,3,28
1398,256,False,3,8
1399,16384,False,3,14
1400,8192,False,3,13
1401,1808576,False,3,33
1402,262144,False,3,18
1403,384448,False,3,27
1404,2048,False,3,11
1405,1942656,False,3,39
1406,346112,False,3,44
1407,2048,False,3,11
1408,3172611,False,3,62
1409,87744,False,3,19
1410,3147968,False,3,34
1411,143488,False,3,35
1412,204288,False,3,30
1413,97280,False,3,26
1414,25024,False,3,15
1415,117184,False,3,22
1416,275392,False,3,26
1417,620160,False,3,39
1418,295296,False,3,22
1419,4868785024,True,3,48
1420,252864,False,3,22
1421,3712,False,3,12
1422,3122432,False,3,27
1423,161792,False,3,21
1424,2844032,False,3,47
1425,30985856,True,3,42
1426,142208,False,3,30
1427,128,False,3,7
1428,310208,False,3,35
1429,109504,False,3,29
1430,14784,False,3,14
1431,9217,False,3,15
1432,2048,False,3,11
1433,2439040,False,3,22
1434,196608,False,3,26
1435,10201344,False,3,68
1436,2636736,False,3,32
1437,2048,False,3,11
1438,374720,False,3,21
1439,188416,False,3,32
1440,2151104,False,3,31
1441,154432,False,3,38
1442,41664,False,3,24
1443,567616,False,3,31
1444,5897600,False,3,79
1445,38217728,True,3,26
1446,1024,False,3,10
1447,2891968,False,3,46
1448,82368,False,3,22
1449,1985728,False,3,44
1450,82304,False,3,22
1451,141389568,True,3,34
1452,77248,False,3,25
1453,2421696,False,3,24
1454,3299904,False,3,41
1455,171456,False,3,20
1456,5412608,False,3,69
1457,2048,False,3,11
1458,5065984,False,3,36
1459,912640,False,3,32
1460,145856,False,3,25
1461,689472,False,3,25
1462,676160,False,3,22
1463,613312,False,3,20
1464,15360,False,3,16
1465,32768,False,3,15
1466,181120,False,3,25
1467,197632,False,3,27
1468,2097152,False,3,21
1469,32768,False,3,15
1470,2048,False,3,11
1471,448448,False,3,23
1472,1919744,False,3,34
1473,2290624,False,3,23
1474,88512,False,3,22
1475,20480,False,3,17
1476,118784,False,3,26
1477,367040,False,3,19
1478,3000256,False,3,72
1479,9399552,True,3,31
1480,472512,False,3,26
1481,1688451968,True,3,55
1482,169920,False,3,18
1483,2152448,False,3,74
1484,2775872,False,3,43
1485,5615424,False,3,51
1486,1083008,False,3,40
1487,1132800,False,3,32
1488,1229568,False,3,26
1489,191296,False,3,18
1490,4096,False,3,12
1491,119168,False,3,33
1492,1690496,False,3,58
1493,292736,False,3,29
1494,78784,False,3,21
1495,29696,False,3,19
1496,126208,False,3,20
1497,128,False,3,7
1498,705920,False,3,28
1499,1595172640,True,3,66
1500,3840643,False,3,36
1501,116096,False,3,26
1502,3399680,False,3,35
1503,129472,False,3,20
1504,40779072,True,3,43
1505,748224,False,3,24
1506,12032,False,3,15
1507,12544,False,3,15
1508,321600,False,3,40
1509,3436736,False,3,37
1510,227776,False,3,29
1511,3783936,False,3,28
1512,4099,False,3,14
1513,782528,False,3,31
1514,1310720,False,3,21
1515,3236096,False,3,56
1516,217088,False,3,26
1517,343232,False,3,21
1518,3473408,False,3,22
1519,185600,False,3,24
1520,3220480,False,3,43
1521,3048138048,True,3,54
1522,4613056,False,3,58
1523,119232,False,3,34
1524,531136,False,3,25
1525,2730695,False,3,172
1526,698752,False,3,25
1527,154752,False,3,19
1528,65,False,3,7
1529,150976,False,3,21
1530,3676160,False,3,27
1531,4699840,False,3,31
1532,257,False,3,9
1533,139392,False,3,34
1534,908864,False,3,25
1535,6398144,False,3,39
1536,697216,False,3,32
1537,180672,False,3,20
1538,324480,False,3,24
1539,232960,False,3,35
1540,3679810512,True,3,76
1541,264064,False,3,25
1542,4390912,False,3,30
1543,10240,False,3,14
1544,40960,False,3,17
1545,280448,False,3,26
1546,82368,False,3,18
1547,56256,False,3,18
1548,3410624,False,3,43
1549,512,False,3,9
1550,32768,False,3,15
1551,60352,False,3,16
1552,182912,False,3,33
1553,105344,False,3,26
1554,65536,False,3,16
1555,26040704,True,3,26
1556,1095744,False,3,39
1557,35398016,True,3,38
1558,3972608,False,3,34
1559,20942,False,3,21
1560,2791808,False,3,46
1561,488320,False,3,38
1562,193987,False,3,31
1563,336256,False,3,20
1564,1229248,False,3,31
1565,528832,False,3,44
1566,323523,False,3,35
1567,1966720,False,3,47
1568,1024,False,3,10
1569,452736,False,3,25
1570,165312,False,3,18
1571,70016,False,3,24
1572,29120,False,3,15
1573,115136,False,3,19
1574,131264,False,3,20
1575,700416,False,3,26
1576,79872,False,3,19
1577,802688,False,3,31
1578,1447936,False,3,32
1579,855360,False,3,26
1580,32768,False,3,16
1581,256,False,3,8
1582,95680,False,3,18
1583,134528,False,3,29
1584,13312,False,3,16
1585,2971518816,True,3,66
1586,1024,False,3,10
1587,5182847,False,3,50
1588,39936,False,3,21
1589,197056,False,3,25
1590,40752160,True,3,42
1591,47040,False,3,18
1592,47040,False,3,18
1593,259520,False,3,21
1594,266688,False,3,21
1595,262144,False,3,18
1596,68096,False,3,20
1597,46272,False,3,16
1598,524288,False,3,19
1599,5206720,False,3,38
1600,32768,False,3,15
1601,22976,False,3,15
1602,1259200,False,3,36
1603,824896,False,3,29
1604,14784,False,3,14
1605,2731840,False,3,36
1606,65536,False,3,16
1607,266112,False,3,24
1608,88512,False,3,24
1609,253612,False,3,207
1610,58816,False,3,21
1611,2972992,False,3,37
1612,705920,False,3,28
1613,245120,False,3,30
1614,1248448,False,3,29
1615,418624,False,3,26
1616,45056,False,3,25
1617,1948864,False,3,34
1618,338304,False,3,34
1619,588224,False,3,23
1620,6499668672,True,3,52
1621,39872,False,3,17
1622,282560,False,3,19
1623,394112,False,3,30
1624,246720,False,3,26
1625,162432,False,3,20
1626,613540928,True,3,67
1627,821184,False,3,20
1628,814464,False,3,26
1629,32768,False,3,15
1630,355520,False,3,24
1631,43968,False,3,16
1632,4546752,False,3,38
1633,1442624,False,3,28
1634,380928,False,3,25
1635,29120,False,3,15
1636,555968,False,3,23
1637,145600,False,3,24
1638,2091712,False,3,32
1639,127936,False,3,24
1640,3013888,False,3,33
1641,2185472,False,3,37
1642,1458432,False,3,28
1643,668096,False,3,23
1644,1475328,False,3,30
1645,6852481,False,3,64
1646,262144,False,3,18
1647,638976,False,3,26
1648,1222400,False,3,25
1649,309184,False,3,20
1650,41148168,True,3,56
1651,1654656,False,3,24
1652,3229632,False,3,78
1653,6879424,False,3,57
1654,5519039,False,3,50
1655,56771,False,3,19
1656,18368,False,3,15
1657,7259392,False,3,53
1658,45056,False,3,20
1659,65536,False,3,16
1660,2708096,False,3,34
1661,74087424,True,3,27
1662,7184384,False,3,60
1663,1686144,False,3,29
1664,532288,False,3,32
1665,1288384,False,3,38
1666,2031104,False,3,69
1667,22528,False,3,19
1668,90112,False,3,18
1669,3230976,False,3,33
1670,155648,False,3,23
1671,296384,False,3,19
1672,113024,False,3,28
1673,98304,False,3,17
1674,172054,False,3,26
1675,900416,False,3,30
1676,1234496,False,3,43
1677,9610112,False,3,44
1678,36288,False,3,16
1679,145856,False,3,23
1680,4894656,False,3,27
1681,36288,False,3,18
1682,4750272,False,3,31
1683,8192,False,3,13
1684,89984,False,3,27
1685,276416,False,3,30
1686,14992384,True,3,42
1687,4579072,False,3,37
1688,1432384,False,3,30
1689,6995712,False,3,35
1690,97216,False,3,21
1691,1988799,False,3,56
1692,1205568,False,3,49
1693,8912196544,True,3,86
1694,1167936,False,3,28
1695,151424,False,3,32
1696,84929,False,3,24
1697,269696,False,3,27
1698,1744768,False,3,29
1699,345984,False,3,34
1700,47808,False,3,20
1701,76736,False,3,21
1702,274880,False,3,19
1703,876544,False,3,38
1704,323584,False,3,37
1705,91003072,True,3,70
1706,82880,False,3,17
1707,2598144,False,3,43
1708,32768,False,3,15
1709,916864,False,3,21
1710,704512,False,3,32
1711,65536,False,3,16
1712,1469760,False,3,38
1713,131072,False,3,17
1714,5657152,False,3,40
1715,256,False,3,8
1716,63168,False,3,17
1717,769344,False,3,27
1718,32,False,3,5
1719,64,False,3,6
1720,1801408,False,3,30
1721,298368,False,3,30
1722,253952,False,3,23
1723,6345024,False,3,65
1724,5083584,False,3,39
1725,1259200,False,3,36
1726,290816,False,3,21
1727,14784,False,3,14
1728,1810816,False,3,34
1729,235200,False,3,23
1730,1360000,False,3,44
1731,309185,False,3,39
1732,116096,False,3,26
1733,301504,False,3,26
1734,7616,False,3,13
1735,277888,False,3,25
1736,45504,False,3,16
1737,32,False,3,5
1738,73728,False,3,17
1739,419776,False,3,42
1740,353664,False,3,26
1741,651712,False,3,27
1742,501632,False,3,40
1743,65536,False,3,16
1744,151936,False,3,20
1745,34207488,True,3,32
1746,131072,False,3,17
1747,218048,False,3,23
1748,326016,False,3,31
1749,560835,False,3,26
1750,14784,False,3,14
1751,154560,False,3,23
1752,319488,False,3,27
1753,9495744,True,3,29
1754,89024,False,3,19
1755,39360,False,3,16
1756,1145856,False,3,31
1757,116160,False,3,24
1758,18526400,True,3,38
1759,3346880,False,3,56
1760,1955072,False,3,34
1761,1984960,False,3,39
1762,330112,False,3,27
1763,56256,False,3,18
1764,242112,False,3,27
1765,293760,False,3,31
1766,64,False,3,6
1767,670144,False,3,20
1768,209280,False,3,20
1769,8399680,False,3,45
1770,512,False,3,9
1771,1631168,False,3,40
1772,1447936,False,3,32
1773,874944,False,3,26
1774,61376,False,3,25
1775,2824384,False,3,35
1776,75712,False,3,21
1777,4095,False,3,22
1778,10978816,False,3,87
1779,253568,False,3,19
1780,1820672,False,3,63
1781,346432,False,3,27
1782,154560,False,3,18
1783,729024,False,3,26
1784,1269632,False,3,36
1785,15360,False,3,16
1786,1886464,False,3,33
1787,47808,False,3,20
1788,369984,False,3,60
1789,278400,False,3,27
1790,245760,False,3,26
1791,374720,False,3,21
1792,587776,False,3,26
1793,21504,False,3,18
1794,3284992,False,3,32
1795,131072,False,3,17
1796,297792,False,3,26
1797,2216448,False,3,49
1798,102592,False,3,20
1799,698816,False,3,40
1800,6822104,False,3,54
1801,79232,False,3,25
1802,27584,False,3,15
1803,823616,False,3,26
1804,2097279,False,3,28
1805,6227264,False,3,51
1806,14784,False,3,14
1807,3234688,False,3,41
1808,4096,False,3,12
1809,787264,False,3,30
1810,4676035,False,3,30
1811,1929472,False,3,35
1812,512,False,3,9
1813,32768,False,3,15
1814,6612928,False,3,66
1815,12032,False,3,15
1816,872000,False,3,29
1817,3000128,False,3,30
1818,32,False,3,5
1819,1378368,False,3,30
1820,10725184,True,3,24
1821,1066816,False,3,29
1822,1736704,False,3,31
1823,819136,False,3,31
1824,316864,False,3,32
1825,665472,False,3,27
1826,279231552,True,3,40
1827,49600,False,3,17
1828,1101440,False,3,36
1829,353216,False,3,31
1830,71680,False,3,18
1831,629440,False,3,65
1832,1452864,False,3,52
1833,900928,False,3,47
1834,39872,False,3,17
1835,669699,False,3,45
1836,14784,False,3,14
1837,1244608,False,3,30
1838,245760,False,3,20
1839,2367680,False,3,40
1840,36567488,True,3,29
1841,68480,False,3,23
1842,1650432,False,3,30
1843,97408,False,3,29
1844,346688,False,3,35
1845,309120,False,3,28
1846,70592,False,3,24
1847,1514368,False,3,30
1848,1171712,False,3,33
1849,2038464,False,3,36
1850,2048,False,3,11
1851,68032,False,3,19
1852,108928,False,3,29
1853,364544,False,3,25
1854,797568,False,3,29
1855,2373504,False,3,44
1856,29120,False,3,15
1857,1024,False,3,10
1858,112915296,True,3,89
1859,44224,False,3,17
1860,65536,False,3,29
1861,4096,False,3,12
1862,79232,False,3,25
1863,712704,False,3,35
1864,16384,False,3,14
1865,256192,False,3,20
1866,1118464,False,3,34
1867,44224,False,3,16
1868,8192,False,3,13
1869,1048576,False,3,20
1870,23552,False,3,19
1871,77760,False,3,20
1872,2166912,False,3,38
1873,980288,False,3,40
1874,90048,False,3,26
1875,131072,False,3,17
1876,81856,False,3,21
1877,67072,False,3,38
1878,69824,False,3,20
1879,159739,False,3,28
1880,16384,False,3,14
1881,276800,False,3,31
1882,210816,False,3,26
1883,100544,False,3,18
1884,32768,False,3,21
1885,49152,False,3,16
1886,2109440,False,3,23
1887,836480,False,3,23
1888,99200,False,3,24
1889,10240,False,3,14
1890,199616,False,3,27
1891,193920,False,3,31
1892,36838048,True,3,78
1893,657280,False,3,29
1894,180224,False,3,19
1895,138112,False,3,31
1896,1097728,False,3,25
1897,587776,False,3,37
1898,1327104,False,3,49
1899,1057728,False,3,28
1900,1315264,False,3,42
1901,4032,False,3,12
1902,374720,False,3,21
1903,2075328,False,3,40
1904,455296,False,3,23
1905,72128,False,3,17
1906,356347,False,3,31
1907,871232,False,3,28
1908,22528,False,3,16
1909,137408,False,3,23
1910,32,False,3,5
1911,257408,False,3,43
1912,14784,False,3,14
1913,177664,False,3,46
1914,587520,False,3,70
1915,49154,False,3,18
1916,171456,False,3,20
1917,71360,False,3,18
1918,14784,False,3,14
1919,943552,False,3,27
1920,380288,False,3,35
1921,7529152,False,3,41
1922,290816,False,3,21
1923,5055104,False,3,37
1924,1801600,False,3,32
1925,125824,False,3,29
1926,7098368,False,3,80
1927,211968,False,3,27
1928,15240704,True,3,36
1929,89600,False,3,27
1930,2016384,False,3,76
1931,54656,False,3,25
1932,35889728,True,3,39
1933,289728,False,3,36
1934,535360,False,3,36
1935,27584,False,3,15
1936,251776,False,3,26
1937,81920,False,3,18
1938,184256,False,3,36
1939,1771584,False,3,30
1940,150528,False,3,24
1941,7168,False,3,14
1942,4672832,False,3,52
1943,4032,False,3,12
1944,10801024,False,3,47
1945,1158144,False,3,30
1946,903616,False,3,29
1947,434883,False,3,36
1948,871232,False,3,28
1949,2536351,False,3,49
1950,409600,False,3,25
1951,409600,False,3,25
1952,82112,False,3,18
1953,54208,False,3,18
1954,16384,False,3,14
1955,1047552,False,3,28
1956,1265856,False,3,43
1957,34816,False,3,18
1958,21768448,True,3,27
1959,1025152,False,3,33
1960,458624,False,3,22
1961,118272,False,3,21
1962,121280,False,3,19
1963,513856,False,3,32
1964,44791552,True,3,73
1965,256448,False,3,42
1966,2048,False,3,11
1967,268672,False,3,23
1968,3512576,False,3,39
1969,544576,False,3,39
1970,53184,False,3,16
1971,3841,False,3,13
1972,52672,False,3,19
1973,2048,False,3,11
1974,2368907328,True,3,64
1975,694144,False,3,30
1976,82880,False,3,17
1977,2891968,False,3,34
1978,39872,False,3,17
1979,151936,False,3,23
1980,1272256,False,3,24
1981,176576,False,3,22
1982,892864,False,3,40
1983,39360,False,3,16
1984,131520,False,3,24
1985,47296,False,3,16
1986,20355616,True,3,45
1987,164800,False,3,21
1988,2039808,False,3,93
1989,172032,False,3,19
1990,111616,False,3,30
1991,10242816,True,3,40
1992,1899776,False,3,37
1993,4307139,False,3,50
1994,59328,False,3,21
1995,843200,False,3,30
1996,330240,False,3,39
1997,128960,False,3,26
1998,16384,False,3,16
1999,203648,False,3,29
2000,36800,False,3,19
2001,1063104,False,3,29
2002,16384,False,3,14
2003,971328,False,3,28
2004,670144,False,3,20
2005,54784,False,3,24
2006,187264,False,3,22
2007,217024,False,3,31
2008,217472,False,3,30
2009,131072,False,3,20
2010,238528,False,3,26
2011,737280,False,3,24
2012,2048,False,3,11
2013,398528,False,3,23
2014,9758208,True,3,33
2015,4032,False,3,12
2016,629120,False,3,34
2017,4276224,False,3,35
2018,162240,False,3,20
2019,922944,False,3,37
2020,4096,False,3,12
2021,346432,False,3,27
2022,78272,False,3,17
2023,98752,False,3,25
2024,13942978,True,3,140
2025,4811904,False,3,44
2026,513,False,3,10
2027,86464,False,3,18
2028,594816,False,3,23
2029,104192,False,3,27
2030,78272,False,3,17
2031,1965726400,True,3,54
2032,94912,False,3,22
2033,122752,False,3,18
2034,64,False,3,6
2035,14784,False,3,14
2036,7066497,False,3,38
2037,687936,False,3,29
2038,15360,False,3,16
2039,145408,False,3,20
2040,3981452096,True,3,75
2041,1298944,False,3,34
2042,679168,False,3,30
2043,3153088,False,3,42
2044,890752,False,3,43
2045,1278336,False,3,37
2046,2362752,False,3,51
2047,78272,False,3,17
2048,4796800,False,3,32
2049,331776,False,3,29
2050,3467611232,True,3,56
2051,126848,False,3,32
2052,11264,False,3,18
2053,1722368,False,3,80
2054,16384,False,3,14
2055,1483264,False,3,29
2056,803712,False,3,41
2057,2495936,False,3,38
2058,161792,False,3,23
2059,16384,False,3,14
2060,43968,False,3,16
2061,1024,False,3,10
2062,4096,False,3,12
2063,40064,False,3,26
2064,2044480,False,3,34
2065,105344,False,3,28
2066,14784,False,3,14
2067,8192,False,3,13
2068,919872,False,3,37
2069,311297,False,3,21
2070,693376,False,3,38
2071,20480,False,3,17
2072,220544,False,3,42
2073,51648,False,3,18
2074,2073664,False,3,33
2075,665984,False,3,24
2076,348352,False,3,25
2077,166528,False,3,33
2078,14784,False,3,14
2079,1608386,False,3,60
2080,679296,False,3,22
2081,8192,False,3,13
2082,99776,False,3,25
2083,48697248,True,3,41
2084,252352,False,3,21
2085,52928,False,3,16
2086,151168,False,3,42
2087,15360,False,3,16
2088,263040,False,3,20
2089,4316928,False,3,36
2090,283072,False,3,23
2091,1200128,False,3,29
2092,57856,False,3,24
2093,326848,False,3,21
2094,29120,False,3,15
2095,355715,False,3,35
2096,101568,False,3,24
2097,34816,False,3,18
2098,41984,False,3,19
2099,419712,False,3,27
2100,201152,False,3,21
2101,768768,False,3,30
2102,1066240,False,3,36
2103,558912,False,3,27
2104,245760,False,3,34
2105,106432,False,3,27
2106,199808,False,3,39
2107,12633600,True,3,41
2108,131072,False,3,17
2109,256,False,3,8
2110,131072,False,3,17
2111,337472,False,3,34
2112,1109969,False,3,38
2113,2793728,False,3,32
2114,2009152,False,3,34
2115,48128,False,3,19
2116,3800384,False,3,41
2117,3689728,False,3,36
2118,31611008,True,3,50
2119,1235328,False,3,22
2120,11200,False,3,14
2121,169152,False,3,19
2122,90112,False,3,21
2123,152512,False,3,32
2124,1332480,False,3,32
2125,70592,False,3,19
2126,19876744,True,3,58
2127,81856,False,3,23
2128,14336,False,3,14
2129,82880,False,3,17
2130,2824384,False,3,35
2131,169920,False,3,18
2132,43968,False,3,16
2133,2049,False,3,12
2134,30720,False,3,22
2135,2333888,False,3,34
2136,18298176,True,3,49
2137,329664,False,3,29
2138,1596548,False,3,82
2139,926656,False,3,33
2140,80064,False,3,19
2141,1817472,False,3,43
2142,3117249,False,3,41
2143,98750,False,3,417
2144,10643744,True,3,32
2145,1669376,False,3,34
2146,75712,False,3,22
2147,199104,False,3,20
2148,8192,False,3,13
2149,512,False,3,9
2150,4032,False,3,12
2151,2003520,False,3,32
2152,101312,False,3,19
2153,155648,False,3,23
2154,208768,False,3,22
2155,228800,False,3,23
2156,417792,False,3,26
2157,141760,False,3,20
2158,4510144,False,3,60
2159,39984256,True,3,32
2160,4729280,False,3,54
2161,3002564352,True,3,83
2162,87040,False,3,25
2163,285627488,True,3,31
2164,36863264,True,3,74
2165,189888,False,3,20
2166,1674816,False,3,29
2167,225280,False,3,24
2168,8192,False,3,13
2169,82368,False,3,18
2170,159040,False,3,38
2171,99776,False,3,19
2172,140160,False,3,29
2173,1007616,False,3,42
2174,2937665380,True,3,133
2175,312320,False,3,30
2176,16384,False,3,14
2177,264192,False,3,37
2178,39360,False,3,16
2179,8192,False,3,13
2180,18368,False,3,15
2181,472003,False,3,38
2182,649088,False,3,26
2183,105344,False,3,28
2184,102400,False,3,20
2185,1097728,False,3,28
2186,2333248,False,3,22
2187,4096,False,3,12
2188,204972032,True,3,45
2189,95744,False,3,17
2190,8192,False,3,13
2191,109248,False,3,20
2192,98752,False,3,25
2193,49601,False,3,20
2194,892928,False,3,39
2195,557248,False,3,25
2196,104384,False,3,17
2197,2217664,False,3,39
2198,4339392,False,3,35
2199,292742,False,3,33
2200,111040,False,3,20
2201,1966080,False,3,23
2202,394624,False,3,23
2203,16384,False,3,14
2204,79232,False,3,25
2205,73728,False,3,22
2206,384384,False,3,30
2207,980544,False,3,41
2208,1594112,False,3,35
2209,16384,False,3,14
2210,12289,False,3,17
2211,14784,False,3,14
2212,453521664,True,3,37
2213,94898496,True,3,82
2214,2414272,False,3,36
2215,2782400,False,3,29
2216,386752,False,3,21
2217,150204104,True,3,57
2218,4149888,False,3,46
2219,1189760,False,3,40
2220,2272448,False,3,35
2221,35398016,True,3,38
2222,225216,False,3,24
2223,1854587776,True,3,68
2224,1706624,False,3,76
2225,2048,False,3,11
2226,53184,False,3,27
2227,1097155,False,3,54
2228,448451,False,3,27
2229,3584,False,3,13
2230,1216960,False,3,28
2231,7616,False,3,13
2232,810432,False,3,51
2233,15360,False,3,16
2234,65,False,3,7
2235,219264,False,3,32
2236,210213344,True,3,40
2237,176128,False,3,30
2238,234944,False,3,34
2239,65536,False,3,16
2240,673792,False,3,43
2241,2144256,False,3,25
2242,1852736,False,3,30
2243,1277248,False,3,56
2244,8192,False,3,13
2245,8192,False,3,13
2246,430848,False,3,28
2247,72064,False,3,24
2248,1024,False,3,10
2249,375168,False,3,34
2250,1458432,False,3,28
2251,75776,False,3,21
2252,1758467,False,3,32
2253,237952,False,3,24
2254,4130112,False,3,44
2255,45504,False,3,16
2256,1126912,False,3,34
2257,284544,False,3,30
2258,2617346,False,3,38
2259,423552,False,3,23
2260,41984,False,3,23
2261,4096,False,3,12
2262,131,False,3,9
2263,1024,False,3,10
2264,128,False,3,7
2265,75293184,True,3,45
2266,246976,False,3,24
2267,845376,False,3,30
2268,4440448,False,3,43
2269,1069888,False,3,40
2270,238016,False,3,21
2271,694144,False,3,30
2272,2048,False,3,11
2273,432128,False,3,32
2274,3089088,False,3,31
2275,360256,False,3,38
2276,98496,False,3,18
2277,4096,False,3,12
2278,195456,False,3,25
2279,106368,False,3,25
2280,6029952,False,3,35
2281,1446387200,True,3,83
2282,14343,False,3,17
2283,114688,False,3,20
2284,32768,False,3,15
2285,28352,False,3,15
2286,674496,False,3,27
2287,206272,False,3,28
2288,14784,False,3,14
2289,170112,False,3,34
2290,1808576,False,3,33
2291,256,False,3,8
2292,1442432,False,3,29
2293,110528,False,3,21
2294,258944,False,3,32
2295,192960,False,3,20
2296,613184,False,3,24
2297,39872,False,3,17
2298,105344,False,3,28
2299,233408,False,3,25
2300,4096,False,3,12
2301,1312640,False,3,41
2302,20928,False,3,15
2303,2971968,False,3,39
2304,106432,False,3,24
2305,490880,False,3,30
2306,14787,False,3,16
2307,1024,False,3,10
2308,1886144,False,3,34
2309,1054016,False,3,32
2310,65536,False,3,16
2311,1827968,False,3,38
2312,13248,False,3,14
2313,2048,False,3,11
2314,1736064,False,3,29
2315,2296256,False,3,31
2316,450880,False,3,28
2317,2334080,False,3,48
2318,720256,False,3,35
2319,12742272,True,3,50
2320,34240,False,3,18
2321,32768,False,3,15
2322,2048,False,3,11
2323,1024,False,3,10
2324,10016512,False,3,64
2325,422784,False,3,34
2326,2722752,False,3,36
2327,1103616,False,3,30
2328,298432,False,3,28
2329,283072,False,3,23
2330,510335,False,3,46
2331,7616,False,3,13
2332,20967168,True,3,63
2333,91584,False,3,18
2334,1291136,False,3,28
2335,3391488,False,3,34
2336,10637312,True,3,31
2337,3166656,False,3,30
2338,170944,False,3,28
2339,1124096,False,3,35
2340,595648,False,3,22
2341,2301952,False,3,32
2342,1093632,False,3,54
2343,158144,False,3,19
2344,72128,False,3,17
2345,7616,False,3,13
2346,642368,False,3,26
2347,2373504,False,3,44
2348,809856,False,3,25
2349,1506688,False,3,28
2350,1048576,False,3,20
2351,446464,False,3,26
2352,7616,False,3,13
2353,174464,False,3,25
2354,4096,False,3,12
2355,1357056,False,3,30
2356,916480,False,3,32
2357,180224,False,3,22
2358,1024,False,3,10
2359,180224,False,3,22
2360,355290726,True,3,174
2361,2203840,False,3,34
2362,1064960,False,3,21
2363,3646400,False,3,35
2364,982022,False,3,36
2365,350144,False,3,27
2366,3938880,False,3,47
2367,681280,False,3,27
2368,658368,False,3,51
2369,408768,False,3,22
2370,49600,False,3,19
2371,197118,False,3,43
2372,29120,False,3,15
2373,2858368,False,3,36
2374,1024,False,3,10
2375,4982976,False,3,34
2376,145856,False,3,25
2377,210368,False,3,21
2378,2048,False,3,11
2379,7616,False,3,13
2380,273216,False,3,30
2381,5126155168,True,3,68
2382,1024,False,3,10
2383,365952,False,3,21
2384,10752,False,3,19
2385,303104,False,3,31
2386,530880,False,3,20
2387,522432,False,3,33
2388,1396800,False,3,30
2389,61120,False,3,19
2390,169920,False,3,18
2391,624064,False,3,20
2392,1573888,False,3,42
2393,77248,False,3,25
2394,137600,False,3,32
2395,840576,False,3,27
2396,166272,False,3,23
2397,1103616,False,3,30
2398,17408,False,3,17
2399,440448,False,3,25
2400,350912,False,3,36
2401,405952,False,3,23
2402,312256,False,3,28
2403,1048579,False,3,22
2404,197482688,True,3,38
2405,161280,False,3,30
2406,1216960,False,3,28
2407,281536,False,3,23
2408,280448,False,3,26
2409,2007616,False,3,28
2410,1374720,False,3,29
2411,3744896,False,3,86
2412,512,False,3,9
2413,60352,False,3,16
2414,11453888,False,3,54
2415,56000,False,3,25
2416,89088,False,3,19
2417,169920,False,3,18
2418,5532480,False,3,48
2419,1057792,False,3,24
2420,663552,False,3,33
2421,4324672,False,3,42
2422,3073929352,True,3,103
2423,54464,False,3,17
2424,68544,False,3,20
2425,2340224,False,3,59
2426,824192,False,3,23
2427,491520,False,3,30
2428,71948608,True,3,31
2429,131072,False,3,22
2430,647168,False,3,32
2431,1024,False,3,10
2432,36288,False,3,16
2433,2779904,False,3,38
2434,1758083,False,3,32
2435,4194304,False,3,22
2436,8902400,False,3,61
2437,1113344,False,3,31
2438,31936,False,3,16
2439,1364288,False,3,27
2440,365870982,True,3,134
2441,585664,False,3,40
2442,82368,False,3,22
2443,266688,False,3,22
2444,1739648,False,3,35
2445,14784,False,3,14
2446,16384,False,3,14
2447,16384,False,3,14
2448,1395968,False,3,37
2449,512,False,3,9
2450,189056,False,3,31
2451,3567424,False,3,64
2452,176512,False,3,39
2453,39462720,True,3,28
2454,374720,False,3,21
2455,49600,False,3,19
2456,58816,False,3,21
2457,29120,False,3,15
2458,2048,False,3,11
2459,40226944,True,3,51
2460,2048,False,3,11
2461,986816,False,3,31
2462,2162688,False,3,26
2463,916144368,True,3,46
2464,182720,False,3,22
2465,120704,False,3,17
2466,365952,False,3,21
2467,30454016,True,3,62
2468,1295744,False,3,34
2469,40448,False,3,31
2470,33728,False,3,17
2471,864130,False,3,40
2472,324480,False,3,24
2473,534400,False,3,37
2474,2448512,False,3,86
2475,349056,False,3,30
2476,321216,False,3,20
2477,256,False,3,8
2478,102400,False,3,20
2479,1187072,False,3,35
2480,6356288,False,3,58
2481,1024,False,3,10
2482,66,False,3,8
2483,253915,False,3,190
2484,1120064,False,3,32
2485,9481736,True,3,29
2486,267648,False,3,36
2487,11419648,False,3,52
2488,551936,False,3,23
2489,1315840,False,3,39
2490,40960,False,3,18
2491,609664,False,3,34
2492,43712,False,3,18
2493,280960,False,3,29
2494,34560,False,3,19
2495,223680,False,3,20
2496,613184,False,3,24
2497,439168,False,3,27
2498,1499825984,True,3,74
2499,140288,False,3,21
2500,40896,False,3,19
2501,324480,False,3,24
2502,18479936,True,3,38
2503,139014248,True,3,127
2504,16384,False,3,14
2505,1358784,False,3,32
2506,9763840,False,3,79
2507,4581376,False,3,79
2508,1792,False,3,11
2509,78182912,True,3,80
2510,1077248,False,3,31
2511,736128,False,3,35
2512,406912,False,3,32
2513,22922760,True,3,68
2514,1121216,False,3,41
2515,97280,False,3,21
2516,106944,False,3,20
2517,103104,False,3,19
2518,4181056,False,3,34
2519,1983360,False,3,44
2520,910464,False,3,33
2521,3122048,False,3,40
2522,3842752,False,3,49
2523,15933440,True,3,45
2524,5483968,False,3,35
2525,192960,False,3,20
2526,26624,False,3,17
2527,2048,False,3,11
2528,22899968,False,3,76
2529,2620800,False,3,47
2530,2573504,False,3,29
2531,203648,False,3,29
2532,8410944,False,3,85
2533,1440000,False,3,28
2534,65536,False,3,16
2535,2048,False,3,11
2536,75776,False,3,21
2537,2302144,False,3,34
2538,174528,False,3,18
2539,269696,False,3,24
2540,5260480,False,3,38
2541,256,False,3,8
2542,113536,False,3,17
2543,280448,False,3,26
2544,75648,False,3,26
2545,69793440,True,3,39
2546,1000000,False,3,34
2547,280448,False,3,26
2548,274432,False,3,23
2549,8192,False,3,13
2550,1342400,False,3,31
2551,1259200,False,3,36
2552,25536,False,3,16
2553,253602,False,3,197
2554,512,False,3,9
2555,169984,False,3,26
2556,27328,False,3,15
2557,1586432,False,3,33
2558,1677184,False,3,72
2559,15161064,False,3,138
2560,434176,False,3,37
2561,261120,False,3,24
2562,89984,False,3,27
2563,112576,False,3,25
2564,61440,False,3,18
2565,4684736,False,3,29
2566,214400,False,3,31
2567,1216960,False,3,28
2568,140224,False,3,20
2569,6852480,False,3,63
2570,4096,False,3,14
2571,1466368,False,3,32
2572,4032,False,3,12
2573,188032,False,3,35
2574,815360,False,3,35
2575,71104,False,3,18
2576,57536,False,3,17
2577,278336,False,3,24
2578,384320,False,3,27
2579,1895872,False,3,35
2580,188416,False,3,20
2581,4096,False,3,12
2582,471424,False,3,25
2583,147456,False,3,21
2584,171456,False,3,20
2585,883008,False,3,44
2586,16849344,True,3,39
2587,20480,False,3,17
2588,1710656,False,3,29
2589,149376,False,3,21
2590,106688,False,3,27
2591,1001344,False,3,33
2592,2414272,False,3,36
2593,4032,False,3,12
2594,24576,False,3,15
2595,1024,False,3,10
2596,8192,False,3,13
2597,288448,False,3,28
2598,57344,False,3,17
2599,145408,False,3,43
2600,1078144,False,3,22
2601,152448,False,3,29
2602,757056,False,3,26
2603,512,False,3,9
2604,16141071924,True,3,124
2605,4598528,False,3,42
2606,1619328,False,3,26
2607,113398528,True,3,84
2608,1697792,False,3,67
2609,1259776,False,3,33
2610,105344,False,3,28
2611,195776,False,3,20
2612,821184,False,3,23
2613,539136,False,3,53
2614,93120,False,3,22
2615,82304,False,3,22
2616,22976,False,3,15
2617,908672,False,3,33
2618,91648,False,3,40
2619,944448,False,3,39
2620,140224,False,3,30
2621,560512,False,3,25
2622,65536,False,3,16
2623,234496,False,3,34
2624,155660712,True,3,59
2625,65883328,True,3,42
2626,360256,False,3,26
2627,93441,False,3,21
2628,114048,False,3,25
2629,3102400,False,3,36
2630,547776,False,3,22
2631,4096,False,3,12
2632,116096,False,3,26
2633,131072,False,3,17
2634,45504,False,3,16
2635,852800,False,3,28
2636,1994496,False,3,53
2637,647168,False,3,32
2638,606144,False,3,24
2639,5230463,False,3,58
2640,1024,False,3,10
2641,5889475,False,3,64
2642,76338496,True,3,42
2643,85952,False,3,17
2644,1186368,False,3,34
2645,190400,False,3,27
2646,262208,False,3,31
2647,1364288,False,3,27
2648,1807360,False,3,31
2649,206720,False,3,26
2650,418624,False,3,26
2651,11105280,True,3,42
2652,2136320,False,3,39
2653,1302784,False,3,33
2654,1710656,False,3,29
2655,122752,False,3,18
2656,116096,False,3,28
2657,578496,False,3,26
2658,277312,False,3,47
2659,1676480,False,3,32
2660,16384,False,3,14
2661,63168,False,3,17
2662,249792,False,3,20
2663,54272,False,3,21
2664,151936,False,3,23
2665,47104,False,3,18
2666,248192,False,3,26
2667,4096,False,3,12
2668,880640,False,3,45
2669,126400,False,3,24
2670,159680,False,3,32
2671,1516288,False,3,29
2672,8192,False,3,13
2673,1330242,False,3,47
2674,274368,False,3,24
2675,154560,False,3,23
2676,2580864,False,3,33
2677,258944,False,3,22
2678,8192,False,3,13
2679,99200,False,3,24
2680,150400,False,3,29
2681,62400,False,3,21
2682,54208,False,3,18
2683,4096,False,3,12
2684,32768,False,3,15
2685,63168,False,3,17
2686,1774528,False,3,33
2687,2049,False,3,12
2688,113024,False,3,28
2689,72128,False,3,17
2690,819648,False,3,46
2691,102336,False,3,28
2692,346496,False,3,20
2693,512832,False,3,30
2694,158271,False,3,26
2695,106432,False,3,20
2696,1182784,False,3,29
2697,512,False,3,9
2698,2048,False,3,11
2699,1173760,False,3,31
2700,900416,False,3,30
2701,91072,False,3,18
2702,5292032,False,3,35
2703,4096,False,3,12
2704,53782592,True,3,66
2705,4005888,False,3,38
2706,43968,False,3,16
2707,236992,False,3,25
2708,64,False,3,6
2709,2816768,False,3,42
2710,104384,False,3,17
2711,53184,False,3,16
2712,129472,False,3,20
2713,1927360,False,3,37
2714,274432,False,3,20
2715,1397696,False,3,31
2716,16384,False,3,14
2717,884736,False,3,22
2718,1214813248,True,3,49
2719,632192,False,3,36
2720,4317217,False,3,132
2721,54208,False,3,18
2722,160128,False,3,21
2723,31649552,True,3,52
2724,17088512,True,3,49
2725,6151936,False,3,39
2726,163840,False,3,22
2727,1047501,False,3,61
2728,4946880,False,3,38
2729,409600,False,3,28
2730,1848448,False,3,84
2731,5061568,False,3,37
2732,16384,False,3,14
2733,54272,False,3,21
2734,156480,False,3,38
2735,512,False,3,9
2736,16384,False,3,14
2737,2281280,False,3,25
2738,1877506,False,3,38
2739,2048,False,3,11
2740,39875,False,3,19
2741,945728,False,3,29
2742,681344,False,3,35
2743,790080,False,3,28
2744,2048,False,3,11
2745,79872,False,3,22
2746,1650432,False,3,30
2747,36124416,True,3,38
2748,169344,False,3,35
2749,154496,False,3,28
2750,696256,False,3,22
2751,229376,False,3,28
2752,1219456,False,3,27
2753,107392,False,3,25
2754,9216,False,3,16
2755,2516928,False,3,36
2756,279553,False,3,49
2757,855168,False,3,34
2758,256853280,True,3,47
2759,88256,False,3,23
2760,5774787,False,3,57
2761,1520512,False,3,32
2762,83967,False,3,29
2763,1315008,False,3,45
2764,343616,False,3,34
2765,22976,False,3,15
2766,133056,False,3,26
2767,52160,False,3,17
2768,1024,False,3,10
2769,512,False,3,9
2770,41920,False,3,18
2771,63168,False,3,17
2772,1603456,False,3,46
2773,185600,False,3,24
2774,743744,False,3,26
2775,102272,False,3,26
2776,4705216,False,3,33
2777,2625919,False,3,42
2778,2971456,False,3,30
2779,338880,False,3,28
2780,563136,False,3,20
2781,699200,False,3,28
2782,32,False,3,5
2783,1763968,False,3,44
2784,269952,False,3,34
2785,16384,False,3,14
2786,775040,False,3,33
2787,34048,False,3,24
2788,169344,False,3,35
2789,131072,False,3,17
2790,81856,False,3,21
2791,5214464,False,3,32
2792,108928,False,3,29
2793,4867840,False,3,43
2794,32768,False,3,15
2795,777600,False,3,33
2796,966528,False,3,36
2797,14336672,True,3,78
2798,133568,False,3,19
2799,137570688,True,3,36
2800,481088,False,3,28
2801,5321344,False,3,38
2802,39936,False,3,18
2803,1510144,False,3,29
2804,2327808,False,3,38
2805,13615140608,True,3,85
2806,122752,False,3,18
2807,74176,False,3,21
2808,172040,False,3,23
2809,728705536,True,3,62
2810,353472,False,3,26
2811,11264,False,3,15
2812,246208,False,3,21
2813,9729728,True,3,28
2814,278336,False,3,24
2815,2733376,False,3,32
2816,2272448,False,3,35
2817,21504,False,3,18
2818,2970880,False,3,33
2819,1103360,False,3,32
2820,1283328,False,3,33
2821,338112,False,3,22
2822,4558144,False,3,34
2823,626112,False,3,28
2824,425858,False,3,32
2825,171392,False,3,28
2826,2217152,False,3,34
2827,147456,False,3,27
2828,3026944,False,3,74
2829,665987,False,3,26
2830,138667936,True,3,45
2831,262528,False,3,23
2832,25536,False,3,16
2833,618496,False,3,41
2834,14156783840,True,3,53
2835,6961408,False,3,52
2836,116096,False,3,26
2837,113024,False,3,28
2838,52160,False,3,17
2839,4096,False,3,12
2840,1344896,False,3,36
2841,258944,False,3,22
2842,594368,False,3,23
2843,142208,False,3,30
2844,808512,False,3,28
2845,5968448,False,3,41
2846,18858496,True,3,27
2847,1024,False,3,10
2848,536870912,True,3,29
2849,1640640,False,3,37
2850,1125824,False,3,25
2851,107456,False,3,21
2852,640896,False,3,25
2853,3262720,False,3,33
2854,4096,False,3,12
2855,190848,False,3,21
2856,1107712,False,3,30
2857,1097728,False,3,22
2858,53184,False,3,16
2859,80896,False,3,18
2860,961664,False,3,30
2861,22976,False,3,15
2862,491328,False,3,32
2863,836864,False,3,33
2864,154560,False,3,18
2865,18691072,True,3,43
2866,161216,False,3,19
2867,229824,False,3,25
2868,16016576,True,3,61
2869,7616,False,3,13
2870,8597952,False,3,50
2871,51328,False,3,28
2872,1616192,False,3,30
2873,219267,False,3,34
2874,68032,False,3,19
2875,104384,False,3,17
2876,1024,False,3,10
2877,1115619856,True,3,53
2878,923649,False,3,49
2879,16384,False,3,14
2880,2198724032,True,3,64
2881,1024,False,3,10
2882,771520,False,3,29
2883,1047552,False,3,31
2884,29120,False,3,15
2885,324480,False,3,24
2886,233920,False,3,26
2887,25536,False,3,16
2888,4096,False,3,12
2889,4032,False,3,12
2890,16384,False,3,14
2891,565568,False,3,29
2892,1946880,False,3,37
2893,6656448,False,3,60
2894,594304,False,3,27
2895,378880,False,3,40
2896,53184,False,3,16
2897,4474816,False,3,42
2898,916480,False,3,32
2899,6448711,False,3,49
2900,43968,False,3,16
2901,136064,False,3,24
2902,960896,False,3,31
2903,298944,False,3,36
2904,28164992,True,3,83
2905,10070272,False,3,67
2906,20113312,True,3,43
2907,1736704,False,3,31
2908,4838528,False,3,77
2909,131072,False,3,17
2910,1024,False,3,10
2911,1312064,False,3,38
2912,528256,False,3,32
2913,11439001760,True,3,49
2914,40960,False,3,20
2915,1584896,False,3,34
2916,566912,False,3,34
2917,280512,False,3,27
2918,158144,False,3,23
2919,87424,False,3,26
2920,2048,False,3,11
2921,323520,False,3,22
2922,4096,False,3,12
2923,512,False,3,9
2924,16384,False,3,14
2925,670977,False,3,59
2926,390528,False,3,34
2927,19326720,True,3,29
2928,621248,False,3,24
2929,157120,False,3,22
2930,4096,False,3,12
2931,314816,False,3,19
2932,364608,False,3,39
2933,1385472,False,3,29
2934,73152,False,3,18
2935,100544,False,3,20
2936,916480,False,3,32
2937,2518336,False,3,33
2938,256,False,3,8
2939,4032,False,3,12
2940,3531840,False,3,33
2941,698816,False,3,27
2942,1657728,False,3,46
2943,143360,False,3,29
2944,219072,False,3,22
2945,4571456,False,3,36
2946,3989824,False,3,63
2947,56512,False,3,21
2948,29120,False,3,15
2949,213952,False,3,20
2950,1045312,False,3,30
2951,246720,False,3,31
2952,642368,False,3,26
2953,3043520,False,3,36
2954,8192,False,3,13
2955,256,False,3,8
2956,1829699,False,3,31
2957,1835008,False,3,44
2958,488768,False,3,26
2959,2345619,False,3,118
2960,694656,False,3,27
2961,11264,False,3,15
2962,283648,False,3,27
2963,1334528,False,3,33
2964,4032,False,3,12
2965,1148288,False,3,38
2966,66752,False,3,20
2967,63232,False,3,25
2968,1251328,False,3,88
2969,1772416,False,3,30
2970,2610048,False,3,35
2971,22976,False,3,15
2972,1193280,False,3,22
2973,512,False,3,9
2974,97216,False,3,20
2975,170944,False,3,21
2976,370624,False,3,46
2977,1498115776,True,3,72
2978,207744,False,3,25
2979,23239,False,3,18
2980,8192,False,3,13
2981,48064,False,3,18
2982,235392,False,3,29
2983,16384,False,3,14
2984,750400,False,3,29
2985,1249088,False,3,34
2986,1714624,False,3,22
2987,318400,False,3,26
2988,1244608,False,3,30
2989,2242752,False,3,42
2990,322432,False,3,30
2991,18176,False,3,20
2992,427456,False,3,27
2993,1024,False,3,10
2994,33976896,True,3,49
2995,188392704,True,3,39
2996,100032,False,3,18
2997,128,False,3,7
2998,166272,False,3,23
2999,22976,False,3,15
3000,512,False,3,9
3001,128,False,3,7
3002,58816,False,3,21
3003,262144,False,3,18
3004,47296,False,3,16
3005,3180544,False,3,34
3006,7573248,False,3,48
3007,58304,False,3,19
3008,2048,False,3,11
3009,2183872,False,3,36
3010,4021248,False,3,22
3011,587776,False,3,27
3012,562754,False,3,43
3013,165312,False,3,18
3014,64,False,3,6
3015,2824384,False,3,35
3016,23552,False,3,17
3017,4406464,False,3,37
3018,1102337,False,3,42
3019,19968,False,3,20
3020,185855,False,3,34
3021,5226496,False,3,28
3022,359360,False,3,23
3023,185728,False,3,27
3024,131072,False,3,31
3025,1103616,False,3,30
3026,518144,False,3,35
3027,1619328,False,3,26
3028,2148608,False,3,36
3029,6536128,False,3,66
3030,450944,False,3,33
3031,64960,False,3,21
3032,2434692672,True,3,35
3033,9825088,False,3,60
3034,622595,False,3,25
3035,2380231,False,3,31
3036,431232,False,3,31
3037,2617347,False,3,39
3038,674432,False,3,35
3039,1341760,False,3,33
3040,4096,False,3,12
3041,524288,False,3,19
3042,636800,False,3,41
3043,613184,False,3,24
3044,34207488,True,3,32
3045,88512,False,3,19
3046,214400,False,3,31
3047,526719,False,3,37
3048,11237184,True,3,41
3049,311296,False,3,20
3050,229312,False,3,29
3051,12990273,False,3,70
3052,204736,False,3,18
3053,5078400,False,3,44
3054,381120,False,3,25
3055,2048,False,3,11
3056,2372032,False,3,23
3057,381824,False,3,28
3058,1211776,False,3,29
3059,1258240,False,3,55
3060,132032,False,3,19
3061,774592,False,3,41
3062,115648,False,3,29
3063,524288,False,3,19
3064,692224,False,3,36
3065,2048,False,3,11
3066,430272,False,3,30
3067,65536,False,3,16
3068,141633280,True,3,56
3069,1345091,False,3,45
3070,322944,False,3,29
3071,1364291,False,3,29
3072,25600,False,3,18
3073,698432,False,3,45
3074,116608,False,3,29
3075,1683072,False,3,78
3076,116160,False,3,24
3077,4343552,False,3,43
3078,964031440,True,3,48
3079,11267234,True,3,57
3080,1690048,False,3,51
3081,1551263,False,3,44
3082,587136,False,3,23
3083,709440,False,3,30
3084,236480,False,3,29
3085,299004448,True,3,34
3086,32768,False,3,15
3087,391808,False,3,31
3088,378752,False,3,35
3089,595584,False,3,35
3090,16580608,False,3,40
3091,1204608,False,3,30
3092,3966272,False,3,68
3093,255360,False,3,30
3094,389120,False,3,38
3095,3826880,False,3,38
3096,14336,False,3,15
3097,1024,False,3,10
3098,3571712,False,3,33
3099,193920,False,3,31
3100,2115584,False,3,31
3101,1171712,False,3,33
3102,314752,False,3,29
3103,166336,False,3,30
3104,19401792,True,3,25
3105,3068864,False,3,43
3106,1024,False,3,10
3107,52992,False,3,16
3108,18368,False,3,15
3109,1086400,False,3,24
3110,1764416,False,3,32
3111,4712128,False,3,31
3112,123776,False,3,30
3113,711168,False,3,32
3114,1892098,False,3,40
3115,85952,False,3,17
3116,2450240,False,3,30
3117,983040,False,3,24
3118,983041,False,3,44
3119,3129600,False,3,56
3120,180672,False,3,20
3121,14784,False,3,14
3122,2049280,False,3,33
3123,5311232,False,3,34
3124,1133440,False,3,22
3125,1906048,False,3,29
3126,19904,False,3,15
3127,432000,False,3,26
3128,1145856,False,3,40
3129,4583424,False,3,32
3130,524288,False,3,19
3131,568192,False,3,34
3132,132480,False,3,30
3133,4316928,False,3,36
3134,14784,False,3,14
3135,13869503,False,3,69
3136,280448,False,3,26
3137,1355008,False,3,34
3138,836864,False,3,33
3139,85952,False,3,17
3140,82880,False,3,17
3141,3117248,False,3,40
3142,3074,False,3,14
3143,1167936,False,3,28
3144,1260416,False,3,44
3145,146163456,True,3,94
3146,418752,False,3,25
3147,298944,False,3,25
3148,69056,False,3,21
3149,303104,False,3,23
3150,2063616,False,3,36
3151,3595200,False,3,38
3152,65536,False,3,16
3153,65539,False,3,18
3154,411776,False,3,36
3155,1024,False,3,10
3156,1376251,False,3,36
3157,32768,False,3,15
3158,1494016,False,3,31
3159,2264064,False,3,36
3160,182208,False,3,28
3161,3105984,False,3,41
3162,39360,False,3,16
3163,658816,False,3,26
3164,115136,False,3,19
3165,77248,False,3,25
3166,77248,False,3,25
3167,1024,False,3,10
3168,278336,False,3,24
3169,63168,False,3,17
3170,1093440,False,3,35
3171,3130624,False,3,31
3172,695168,False,3,26
3173,1344896,False,3,36
3174,37341440,True,3,30
3175,60864,False,3,20
3176,3531520,False,3,32
3177,5652160,False,3,35
3178,839488,False,3,30
3179,329664,False,3,29
3180,27328,False,3,15
3181,1024,False,3,10
3182,288768,False,3,23
3183,3486592,False,3,29
3184,133568,False,3,21
3185,49600,False,3,19
3186,4096,False,3,12
3187,82368,False,3,18
3188,33728,False,3,17
3189,54208,False,3,16
3190,19720704,True,3,46
3191,2648000,False,3,37
3192,4096,False,3,12
3193,604800,False,3,35
3194,950272,False,3,39
3195,307520,False,3,26
3196,185536,False,3,20
3197,1206272,False,3,44
3198,1633536,False,3,39
3199,1948864,False,3,34
3200,1230848,False,3,37
3201,82880,False,3,19
3202,4096,False,3,12
3203,1793664,False,3,71
3204,1226688,False,3,38
3205,5350272,False,3,29
3206,1516288,False,3,29
3207,10042560,False,3,43
3208,2077633,False,3,44
3209,589248,False,3,20
3210,524288,False,3,19
3211,44224,False,3,17
3212,753664,False,3,40
3213,113421568,True,3,88
3214,139136,False,3,41
3215,713475,False,3,25
3216,2694834432,True,3,62
3217,3453822450,True,3,124
3218,3137536,False,3,28
3219,421440,False,3,35
3220,6214790,False,3,57
3221,7731008,False,3,56
3222,227776,False,3,30
3223,327104,False,3,19
3224,67008,False,3,18
3225,226304,False,3,27
3226,6479232,False,3,49
3227,330176,False,3,21
3228,46080,False,3,20
3229,3800064,False,3,44
3230,162181312,True,3,58
3231,114688,False,3,18
3232,24512,False,3,15
3233,8066880,False,3,76
3234,1128448,False,3,27
3235,8192,False,3,13
3236,512,False,3,9
3237,571840,False,3,36
3238,292608,False,3,31
3239,20550144,True,3,41
3240,1179648,False,3,21
3241,314048,False,3,21
3242,21223872,False,3,39
3243,456128,False,3,30
3244,143808,False,3,18
3245,32768,False,3,15
3246,2201728,False,3,70
3247,8192,False,3,13
3248,274880,False,3,25
3249,1081664,False,3,30
3250,10515200,True,3,51
3251,4907008,False,3,30
3252,1991552,False,3,28
3253,2031616,False,3,24
3254,47043,False,3,20
3255,4096,False,3,12
3256,1024,False,3,10
3257,1817600,False,3,32
3258,270336,False,3,28
3259,418624,False,3,26
3260,123840,False,3,26
3261,163520,False,3,23
3262,5391552,False,3,35
3263,399296,False,3,30
3264,43968,False,3,16
3265,205504,False,3,21
3266,77248,False,3,23
3267,389056,False,3,30
3268,5242880,False,3,29
3269,13022912,False,3,82
3270,3651328,False,3,37
3271,671616,False,3,45
3272,2467840,False,3,38
3273,334464,False,3,23
3274,14336,False,3,15
3275,36864,False,3,16
3276,1402560,False,3,31
3277,269696,False,3,24
3278,163840,False,3,19
3279,5446079,False,3,52
3280,9417600,False,3,88
3281,63168,False,3,17
3282,568704,False,3,52
3283,4482752,False,3,38
3284,132480,False,3,19
3285,1024,False,3,10
3286,1051456,False,3,45
3287,327104,False,3,19
3288,177280,False,3,35
3289,1097728,False,3,28
3290,99264,False,3,18
3291,2048,False,3,11
3292,201152,False,3,21
3293,4032,False,3,12
3294,60016960,True,3,55
3295,63168,False,3,17
3296,4982976,False,3,34
3297,49088,False,3,17
3298,660539,False,3,23
3299,371520,False,3,27
3300,273216,False,3,30
3301,143232,False,3,32
3302,256,False,3,8
3303,4347392,False,3,29
3304,1991552,False,3,28
3305,1720576,False,3,29
3306,56768,False,3,17
3307,4032,False,3,12
3308,32768,False,3,15
3309,149248,False,3,22
3310,1298433,False,3,56
3311,1131392,False,3,30
3312,324175616,True,3,34
3313,1103616,False,3,30
3314,13602344,True,3,67
3315,285248,False,3,34
3316,1765376,False,3,60
3317,279936,False,3,35
3318,4096,False,3,12
3319,68544,False,3,20
3320,139876992,True,3,32
3321,6282752,False,3,29
3322,82368,False,3,18
3323,2450240,False,3,30
3324,908864,False,3,25
3325,1893568,False,3,33
3326,22528,False,3,19
3327,839488,False,3,30
3328,30720,False,3,17
3329,9698177,False,3,76
3330,168384,False,3,23
3331,258944,False,3,22
3332,1461952,False,3,27
3333,31744,False,3,16
3334,3140736,False,3,47
3335,507328,False,3,70
3336,1086464,False,3,27
3337,131072,False,3,17
3338,649984,False,3,38
3339,3230976,False,3,33
3340,10815168,True,3,56
3341,1564672,False,3,56
3342,2048,False,3,11
3343,694528,False,3,35
3344,43969,False,3,17
3345,74432,False,3,18
3346,642368,False,3,26
3347,1786112,False,3,30
3348,413502,False,3,54
3349,923599,False,3,176
3350,22272,False,3,15
3351,590784,False,3,22
3352,39169024,True,3,74
3353,295360,False,3,21
3354,1499200,False,3,39
3355,642368,False,3,26
3356,2048,False,3,11
3357,573248,False,3,30
3358,2158016,False,3,25
3359,548864,False,3,30
3360,140224,False,3,22
3361,51648,False,3,18
3362,1574723,False,3,31
3363,89600,False,3,24
3364,37222400,True,3,31
3365,4695680,False,3,40
3366,808512,False,3,28
3367,2488512,False,3,40
3368,4513216,False,3,33
3369,17408,False,3,17
3370,49856,False,3,23
3371,3186520432,True,3,123
3372,10240,False,3,14
3373,4484096,False,3,39
3374,2048,False,3,11
3375,1024,False,3,10
3376,4096,False,3,12
3377,63168,False,3,17
3378,63168,False,3,17
3379,4295996160,True,3,42
3380,513,False,3,10
3381,2895639814,True,3,134
3382,143744,False,3,26
3383,8192,False,3,13
3384,1441152,False,3,27
3385,93184,False,3,20
3386,16384,False,3,14
3387,1422656,False,3,31
3388,1133440,False,3,22
3389,280512,False,3,27
3390,1959872,False,3,35
3391,9885440,False,3,63
3392,65536,False,3,16
3393,29120,False,3,15
3394,566144,False,3,21
3395,388162,False,3,41
3396,102272,False,3,26
3397,2503360,False,3,35
3398,8192,False,3,13
3399,2048,False,3,11
3400,227776,False,3,29
3401,423360,False,3,24
3402,616320,False,3,25
3403,771072,False,3,42
3404,655360,False,3,21
3405,3392768,False,3,32
3406,1726720,False,3,34
3407,81920,False,3,18
3408,4558464,False,3,52
3409,398720,False,3,41
3410,229824,False,3,20
3411,279936,False,3,35
3412,116096,False,3,26
3413,2402752,False,3,26
3414,278336,False,3,24
3415,14453824,True,3,49
3416,1496320,False,3,26
3417,128,False,3,7
3418,32704,False,3,16
3419,2048,False,3,11
3420,27584,False,3,15
3421,1299712,False,3,27
3422,6639616,False,3,68
3423,336704,False,3,28
3424,1393475,False,3,31
3425,392576,False,3,30
3426,1650432,False,3,30
3427,56256,False,3,18
3428,873472,False,3,24
3429,4032,False,3,12
3430,3199936,False,3,66
3431,22976,False,3,15
3432,332864,False,3,32
3433,326592,False,3,24
3434,1963392,False,3,32
3435,85504,False,3,36
3436,2450240,False,3,30
3437,131072,False,3,17
3438,113024,False,3,28
3439,5022144,False,3,35
3440,32768,False,3,15
3441,9439360,True,3,26
3442,115520,False,3,17
3443,18432,False,3,15
3444,547718,False,3,38
3445,3644499808,True,3,66
3446,787840,False,3,76
3447,1853376,False,3,84
3448,4222976,False,3,25
3449,72704,False,3,19
3450,116096,False,3,30
3451,315520,False,3,32
3452,2048,False,3,11
3453,159168,False,3,20
3454,82880,False,3,17
3455,41472,False,3,23
3456,2048,False,3,11
3457,3238656,False,3,48
3458,404864,False,3,36
3459,463168,False,3,28
3460,1185024,False,3,28
3461,3648704,False,3,35
3462,116096,False,3,30
3463,64,False,3,6
3464,128,False,3,7
3465,17487648,True,3,28
3466,388800,False,3,22
3467,158144,False,3,19
3468,266240,False,3,25
3469,168832,False,3,25
3470,900416,False,3,42
3471,1835713152,True,3,53
3472,7183043,False,3,35
3473,1022336,False,3,40
3474,2019079,False,3,36
3475,947008,False,3,26
3476,14272,False,3,14
3477,4097,False,3,13
3478,145280,False,3,32
3479,22016,False,3,15
3480,2176256,False,3,37
3481,256,False,3,8
3482,188032,False,3,35
3483,591488,False,3,39
3484,12272960,False,3,64
3485,713920,False,3,28
3486,512,False,3,9
3487,5587840,False,3,54
3488,4194304,False,3,22
3489,140480,False,3,27
3490,192960,False,3,19
3491,1251904,False,3,29
3492,29504,False,3,15
3493,1737472,False,3,37
3494,348483,False,3,27
3495,30912,False,3,22
3496,3236864,False,3,33
3497,77760,False,3,20
3498,22977,False,3,16
3499,8192,False,3,13
3500,344960,False,3,34
3501,291776,False,3,23
3502,70016,False,3,24
3503,876479,False,3,33
3504,4524480,False,3,40
3505,936192,False,3,35
3506,1447936,False,3,32
3507,1669376,False,3,34
3508,41472,False,3,23
3509,337907712,True,3,45
3510,168896,False,3,21
3511,4324032,False,3,36
3512,295360,False,3,21
3513,762176,False,3,21
3514,1944832,False,3,34
3515,145280,False,3,32
3516,670528,False,3,32
3517,314816,False,3,19
3518,2048,False,3,11
3519,229376,False,3,26
3520,230272,False,3,32
3521,43968,False,3,16
3522,550592,False,3,31
3523,8192,False,3,13
3524,766400,False,3,23
3525,14336,False,3,15
3526,198464,False,3,41
3527,64,False,3,6
3528,72128,False,3,17
3529,2048,False,3,11
3530,556160,False,3,32
3531,47296,False,3,16
3532,113024,False,3,28
3533,65536,False,3,16
3534,5786503,False,3,106
3535,7616,False,3,13
3536,1259776,False,3,33
3537,290752,False,3,22
3538,403932082,True,3,124
3539,72546408,True,3,51
3540,1701056,False,3,37
3541,2222784,False,3,34
3542,1564864,False,3,33
3543,1897664,False,3,37
3544,196419,False,3,22
3545,939072,False,3,25
3546,137600,False,3,32
3547,3424256,False,3,44
3548,739264,False,3,30
3549,172480,False,3,20
3550,55296,False,3,23
3551,30912,False,3,16
3552,2048,False,3,11
3553,136128,False,3,22
3554,7120640,False,3,65
3555,36864,False,3,16
3556,1420930,False,3,87
3557,4032,False,3,12
3558,203648,False,3,29
3559,39360,False,3,16
3560,16384,False,3,14
3561,125888,False,3,25
3562,256,False,3,8
3563,6366534,False,3,58
3564,23604480,True,3,35
3565,281536,False,3,22
3566,18524992,False,3,76
3567,1460800,False,3,35
3568,37766240,True,3,68
3569,2048,False,3,11
3570,18023424,True,3,38
3571,2287994,False,3,159
3572,4316928,False,3,36
3573,1024,False,3,10
3574,56256,False,3,18
3575,65536,False,3,16
3576,1024,False,3,10
3577,169152,False,3,19
3578,6345664,False,3,58
3579,18137056,True,3,29
3580,308160,False,3,26
3581,17853696,True,3,28
3582,1203264,False,3,25
3583,562816,False,3,37
3584,17408,False,3,17
3585,1385600,False,3,72
3586,743744,False,3,26
3587,537984,False,3,33
3588,68957088,True,3,77
3589,105344,False,3,28
3590,2116864,False,3,34
3591,671552,False,3,28
3592,150464,False,3,29
3593,92352,False,3,19
3594,466814,False,3,75
3595,8192,False,3,13
3596,586624,False,3,50
3597,1929472,False,3,33
3598,147456,False,3,21
3599,195968,False,3,27
3600,2789568,False,3,38
3601,3766528,False,3,36
3602,589248,False,3,20
3603,194688,False,3,31
3604,638976,False,3,31
3605,1024,False,3,10
3606,939968,False,3,24
3607,3102400,False,3,36
3608,540608,False,3,21
3609,63168,False,3,17
3610,524288,False,3,34
3611,2048,False,3,11
3612,1565069,False,3,49
3613,8192,False,3,13
3614,29312,False,3,24
3615,82880,False,3,17
3616,2048,False,3,11
3617,102400,False,3,23
3618,1636736,False,3,46
3619,8062720,False,3,38
3620,8192,False,3,13
3621,1668864,False,3,30
3622,706496,False,3,54
3623,633664,False,3,29
3624,14784,False,3,14
3625,307776,False,3,32
3626,2748032,False,3,64
3627,373184,False,3,25
3628,5591296,False,3,64
3629,631424,False,3,35
3630,20480,False,3,15
3631,2694784,False,3,38
3632,690624,False,3,32
3633,2048,False,3,11
3634,1679104,False,3,35
3635,113600,False,3,27
3636,122826624,True,3,38
3637,990157,False,3,52
3638,260992,False,3,22
3639,1622016,False,3,26
3640,331776,False,3,29
3641,595328,False,3,35
3642,111552,False,3,26
3643,256,False,3,8
3644,301056,False,3,21
3645,1212416,False,3,25
3646,368640,False,3,30
3647,8192,False,3,13
3648,91502592,True,3,27
3649,2048,False,3,11
3650,271744,False,3,33
3651,18730304,True,3,71
3652,877376,False,3,35
3653,3511680,False,3,52
3654,430528,False,3,25
3655,8510656,False,3,35
3656,315328,False,3,27
3657,11678848,False,3,40
3658,1200128,False,3,29
3659,1006336,False,3,36
3660,750400,False,3,29
3661,556928,False,3,22
3662,37888,False,3,22
3663,504704,False,3,51
3664,1167616,False,3,32
3665,840576,False,3,27
3666,218752,False,3,29
3667,71104,False,3,18
3668,204992,False,3,25
3669,199872,False,3,19
3670,4753408,False,3,48
3671,8627072,False,3,94
3672,159168,False,3,20
3673,212352,False,3,34
3674,3086528,False,3,36
3675,4194304,False,3,22
3676,990912,False,3,34
3677,3636673,False,3,39
3678,4835264,False,3,42
3679,1024,False,3,10
3680,6340096,False,3,30
3681,1121664,False,3,26
3682,2388416,False,3,32
3683,3790317468,True,3,113
3684,4004608,False,3,54
3685,4958659,False,3,45
3686,2229440,False,3,35
3687,70592,False,3,19
3688,65536,False,3,16
3689,1024,False,3,10
3690,7616,False,3,13
3691,16937536,True,3,33
3692,871872,False,3,36
3693,71616,False,3,20
3694,54272,False,3,21
3695,768768,False,3,30
3696,5229952,False,3,59
3697,1048576,False,3,20
3698,86976,False,3,24
3699,142275,False,3,20
3700,527360,False,3,21
3701,546241,False,3,27
3702,1138683,False,3,35
3703,16384,False,3,14
3704,152448,False,3,29
3705,256,False,3,8
3706,32768,False,3,15
3707,307520,False,3,26
3708,56768,False,3,17
3709,262144,False,3,21
3710,258944,False,3,25
3711,622592,False,3,23
3712,1261696,False,3,41
3713,188288,False,3,34
3714,171456,False,3,22
3715,262144,False,3,18
3716,1104192,False,3,27
3717,783552,False,3,28
3718,210816,False,3,33
3719,1393475,False,3,31
3720,421760,False,3,33
3721,24576,False,3,15
3722,1024,False,3,10
3723,132480,False,3,30
3724,213184,False,3,33
3725,79232,False,3,25
3726,2587520,False,3,45
3727,2648896,False,3,30
3728,7143424,False,3,34
3729,77248,False,3,25
3730,73728,False,3,28
3731,868352,False,3,37
3732,859968,False,3,28
3733,131456,False,3,36
3734,25536,False,3,16
3735,125653824,True,3,39
3736,1024,False,3,10
3737,441984,False,3,37
3738,2301952,False,3,24
3739,2014528,False,3,35
3740,252352,False,3,24
3741,694656,False,3,27
3742,89984,False,3,27
3743,63168,False,3,17
3744,655360,False,3,21
3745,1630912,False,3,36
3746,29120,False,3,15
3747,22528,False,3,18
3748,1183168,False,3,21
3749,554944,False,3,28
3750,345984,False,3,34
3751,12802112,True,3,47
3752,595584,False,3,35
3753,330304,False,3,35
3754,227776,False,3,24
3755,97216,False,3,20
3756,72064,False,3,24
3757,1671168,False,3,58
3758,1315840,False,3,33
3759,1764608,False,3,37
3760,492992,False,3,36
3761,146816,False,3,26
3762,692608,False,3,28
3763,45321344,True,3,61
3764,1968000,False,3,48
3765,99072,False,3,18
3766,18368,False,3,15
3767,19712,False,3,15
3768,2320576,False,3,34
3769,862528,False,3,31
3770,6370496,False,3,35
3771,4096,False,3,12
3772,30912,False,3,22
3773,77770176,True,3,37
3774,1892992,False,3,37
3775,823616,False,3,26
3776,10775552,False,3,47
3777,5197184,False,3,48
3778,110592,False,3,44
3779,129472,False,3,24
3780,595968,False,3,38
3781,72896,False,3,18
3782,87745,False,3,18
3783,620416,False,3,41
3784,1048576,False,3,20
3785,29120,False,3,15
3786,801472,False,3,63
3787,112064,False,3,19
3788,900416,False,3,42
3789,3072986240,True,3,79
3790,14592,False,3,14
3791,244160,False,3,27
3792,7616,False,3,13
3793,14592,False,3,14
3794,271232,False,3,25
3795,89984,False,3,27
3796,1625920,False,3,60
3797,100800,False,3,24
3798,58579456,True,3,91
3799,190659456,True,3,40
3800,4096,False,3,12
3801,216000,False,3,22
3802,3280896,False,3,53
3803,1429312,False,3,28
3804,791936,False,3,30
3805,116352,False,3,34
3806,171456,False,3,22
3807,501632,False,3,40
3808,1048576,False,3,20
3809,2048,False,3,11
3810,370560,False,3,21
3811,5878976,False,3,41
3812,582656,False,3,21
3813,44480,False,3,17
3814,29696,False,3,19
3815,122752,False,3,18
3816,2300288,False,3,28
3817,782336,False,3,52
3818,91072,False,3,18
3819,117504,False,3,29
3820,6782976,False,3,23
3821,857408,False,3,32
3822,3433472,False,3,54
3823,116099,False,3,28
3824,246215808,True,3,54
3825,1571840,False,3,31
3826,3099264,False,3,50
3827,172033,False,3,20
3828,56768,False,3,17
3829,7746944,False,3,70
3830,1584448,False,3,30
3831,5520326,False,3,55
3832,245952,False,3,25
3833,773568,False,3,33
3834,455104,False,3,28
3835,4399104,False,3,25
3836,1000064,False,3,34
3837,504704,False,3,26
3838,1555712,False,3,28
3839,7424,False,3,13
3840,1269760,False,3,32
3841,544128,False,3,31
3842,2877312,False,3,35
3843,380352,False,3,21
3844,128,False,3,7
3845,59328,False,3,20
3846,2138112,False,3,34
3847,44224,False,3,16
3848,1048576,False,3,20
3849,2224512,False,3,38
3850,543616,False,3,22
3851,6095238,False,3,52
3852,348480,False,3,25
3853,237760,False,3,29
3854,778880,False,3,32
3855,49857,False,3,26
3856,1966464,False,3,42
3857,354240,False,3,34
3858,5190016,False,3,40
3859,6511808,False,3,38
3860,151550,False,3,43
3861,1162560,False,3,25
3862,5261425632,True,3,69
3863,602497,False,3,31
3864,53184,False,3,18
3865,310211,False,3,37
3866,186816,False,3,24
3867,8192,False,3,13
3868,2737408,False,3,40
3869,873858,False,3,29
3870,211904,False,3,23
3871,262144,False,3,18
3872,360448,False,3,23
3873,16384,False,3,14
3874,1851392,False,3,62
3875,120004968,True,3,58
3876,1165248,False,3,66
3877,226240,False,3,31
3878,206208,False,3,23
3879,30626992,True,3,57
3880,1920640,False,3,42
3881,994560,False,3,29
3882,534400,False,3,37
3883,4096,False,3,12
3884,1319424,False,3,31
3885,11200,False,3,14
3886,256,False,3,8
3887,9955584,False,3,64
3888,236992,False,3,30
3889,32448,False,3,16
3890,3158016,False,3,30
3891,68032,False,3,19
3892,16384,False,3,14
3893,333184,False,3,20
3894,10898048,True,3,24
3895,510400,False,3,33
3896,4194304,False,3,22
3897,98496,False,3,18
3898,2962112,False,3,35
3899,36593568,True,3,40
3900,50112,False,3,18
3901,77248,False,3,25
3902,69824,False,3,20
3903,9721472,True,3,27
3904,507712,False,3,28
3905,227008,False,3,29
3906,266240,False,3,19
3907,29120,False,3,15
3908,284032,False,3,25
3909,139648,False,3,27
3910,2373504,False,3,44
3911,4096,False,3,12
3912,65536,False,3,16
3913,1948864,False,3,34
3914,32,False,3,5
3915,73728,False,3,18
3916,43968,False,3,16
3917,4841216,False,3,38
3918,4546752,False,3,38
3919,210276160,True,3,51
3920,197056,False,3,25
3921,1510144,False,3,29
3922,25600,False,3,22
3923,6473367680,True,3,42
3924,257920,False,3,28
3925,4194304,False,3,22
3926,1409472,False,3,25
3927,235904,False,3,33
3928,617088,False,3,41
3929,2272448,False,3,35
3930,25088,False,3,21
3931,55296,False,3,19
3932,193920,False,3,31
3933,512,False,3,9
3934,1484608,False,3,48
3935,519552,False,3,26
3936,84416,False,3,17
3937,76859904,True,3,39
3938,2955074,False,3,39
3939,389120,False,3,38
3940,3072,False,3,12
3941,1854720,False,3,33
3942,134528,False,3,30
3943,15040,False,3,14
3944,1821056,False,3,44
3945,687040,False,3,27
3946,302103040,True,3,72
3947,62656,False,3,17
3948,512,False,3,9
3949,104384,False,3,17
3950,760896,False,3,26
3951,105344,False,3,28
3952,1019520,False,3,27
3953,4096,False,3,12
3954,47040,False,3,18
3955,45597460,True,3,109
3956,556032,False,3,24
3957,68480,False,3,23
3958,3417280,False,3,54
3959,91584,False,3,18
3960,540672,False,3,23
3961,1065031376,True,3,48
3962,733184,False,3,56
3963,195776,False,3,20
3964,2097152,False,3,21
3965,262144,False,3,18
3966,4347968,False,3,37
3967,2864064,False,3,28
3968,171903,False,3,38
3969,806336,False,3,28
3970,252864,False,3,29
3971,2197319,False,3,104
3972,3321280,False,3,47
3973,262144,False,3,18
3974,82880,False,3,17
3975,8191,False,3,24
3976,8098496,False,3,40
3977,338830,False,3,38
3978,639872,False,3,36
3979,3925056,False,3,34
3980,1179904,False,3,31
3981,9897408,False,3,93
3982,815040,False,3,41
3983,50112,False,3,18
3984,352256,False,3,31
3985,202176,False,3,29
3986,413056,False,3,33
3987,2148608,False,3,36
3988,4768451,False,3,44
3989,327040,False,3,27
3990,630208,False,3,24
3991,1215936,False,3,27
3992,300480,False,3,21
3993,51200,False,3,27
3994,583296,False,3,42
3995,220096,False,3,26
3996,6198592,False,3,48
3997,196841792,True,3,42
3998,836864,False,3,33
3999,113600,False,3,25
4000,258944,False,3,22
4001,405952,False,3,23
4002,273495360,True,3,39
4003,165988512,True,3,31
4004,90560,False,3,17
4005,1720576,False,3,29
4006,83673152,True,3,40
4007,10201347,False,3,70
4008,32768,False,3,15
4009,14784,False,3,14
4010,3154879,False,3,46
4011,49152,False,3,16
4012,104384,False,3,17
4013,5577677,False,3,67
4014,131072,False,3,17
4015,483776,False,3,32
4016,44224,False,3,16
4017,754368,False,3,32
4018,887552,False,3,27
4019,1531266,False,3,78
4020,202624,False,3,20
4021,3589696,False,3,31
4022,29120,False,3,15
4023,63168,False,3,17
4024,256,False,3,8
4025,337280,False,3,28
4026,236992,False,3,25
4027,1488554112,True,3,81
4028,138620544,True,3,37
4029,454016,False,3,22
4030,86018,False,3,21
4031,22976,False,3,15
4032,209280,False,3,23
4033,4838787,False,3,46
4034,4096,False,3,12
4035,1511808,False,3,31
4036,12290,False,3,16
4037,11486080,False,3,38
4038,3473408,False,3,22
4039,14776192,True,3,72
4040,1132800,False,3,32
4041,512,False,3,9
4042,39363,False,3,18
4043,82304,False,3,22
4044,731968,False,3,29
4045,6499648,False,3,54
4046,125888,False,3,27
4047,18432,False,3,15
4048,1684614,False,3,51
4049,541632,False,3,22
4050,48256,False,3,27
4051,2551970980,True,3,133
4052,82944,False,3,28
4053,2048,False,3,11
4054,50623,False,3,29
4055,1998784,False,3,47
4056,1108672,False,3,31
4057,1450304,False,3,42
4058,620416,False,3,41
4059,64,False,3,6
4060,1229568,False,3,26
4061,39360,False,3,16
4062,4548544,False,3,26
4063,127936,False,3,22
4064,1220544,False,3,29
4065,419456,False,3,40
4066,594240,False,3,30
4067,4583232,False,3,39
4068,1272640,False,3,30
4069,90816,False,3,27
4070,78784,False,3,21
4071,18586688,True,3,32
4072,1352064,False,3,30
4073,1124800,False,3,22
4074,35889728,True,3,39
4075,622602,False,3,28
4076,57536,False,3,17
4077,54208,False,3,16
4078,279104000,True,3,32
4079,132992,False,3,30
4080,71616,False,3,17
4081,11041664,True,3,33
4082,70080,False,3,20
4083,44224,False,3,16
4084,114688,False,3,20
4085,211809280,True,3,36
4086,168960,False,3,24
4087,47296,False,3,16
4088,797632,False,3,31
4089,512,False,3,9
4090,192896,False,3,19
4091,180224,False,3,19
4092,84416,False,3,17
4093,1124096,False,3,35
4094,1496320,False,3,33
4095,5888,False,3,13
4096,11337728,True,3,36
4097,1943488,False,3,30
4098,33728,False,3,17
4099,82880,False,3,17
4100,280448,False,3,26
4101,527360,False,3,33
4102,8192,False,3,13
4103,75712,False,3,23
4104,10240,False,3,14
4105,462784,False,3,41
4106,82112,False,3,18
4107,579520,False,3,21
4108,82883,False,3,19
4109,4946368,False,3,24
4110,1806528,False,3,35
4111,17402432,True,3,40
4112,439616,False,3,27
4113,331648,False,3,27
4114,149376,False,3,21
4115,3112960,False,3,26
4116,141744640,True,3,71
4117,376192,False,3,27
4118,99200,False,3,24
4119,2516928,False,3,36
4120,498112,False,3,22
4121,450432,False,3,49
4122,157582912,True,3,30
4123,3307904,False,3,52
4124,801152,False,3,37
4125,146432,False,3,23
4126,256,False,3,8
4127,6618499,False,3,82
4128,14784,False,3,14
4129,211840,False,3,20
4130,1441792,False,3,52
4131,2105474,False,3,86
4132,97536,False,3,20
4133,1856768,False,3,30
4134,8192,False,3,13
4135,268096,False,3,36
4136,325568,False,3,25
4137,637248,False,3,36
4138,116608,False,3,29
4139,1233344,False,3,48
4140,77248,False,3,25
4141,53184,False,3,16
4142,34822144,True,3,57
4143,618304,False,3,44
4144,441408,False,3,37
4145,798720,False,3,30
4146,133312,False,3,24
4147,105344,False,3,28
4148,45056,False,3,17
4149,53184,False,3,16
4150,819200,False,3,35
4151,258944,False,3,22
4152,16384,False,3,14
4153,57536,False,3,17
4154,73152,False,3,18
4155,277440,False,3,32
4156,128,False,3,7
4157,7616,False,3,13
4158,1637120,False,3,34
4159,363520,False,3,26
4160,59392,False,3,20
4161,4096,False,3,12
4162,256,False,3,8
4163,728384,False,3,37
4164,4715840,False,3,42
4165,42792352,True,3,32
4166,1643264,False,3,34
4167,204736,False,3,33
4168,4096,False,3,12
4169,45504,False,3,16
4170,4130112,False,3,44
4171,16384,False,3,14
4172,146816,False,3,26
4173,16384,False,3,14
4174,4584561504,True,3,67
4175,1232512,False,3,40
4176,2814848,False,3,40
4177,490048,False,3,29
4178,2570371648,True,3,72
4179,294155552,True,3,32
4180,106368,False,3,25
4181,214976,False,3,21
4182,2272448,False,3,35
4183,9676288,True,3,24
4184,33877312,True,3,67
4185,743744,False,3,26
4186,31799936,True,3,79
4187,14784,False,3,14
4188,57791,False,3,32
4189,82880,False,3,17
4190,1496320,False,3,33
4191,78272,False,3,17
4192,263040,False,3,20
4193,540608,False,3,21
4194,601536,False,3,33
4195,4096,False,3,12
4196,278528,False,3,19
4197,295360,False,3,21
4198,864128,False,3,38
4199,45504,False,3,16
4200,13436352,False,3,52
4201,29120,False,3,15
4202,158144,False,3,19
4203,58816,False,3,21
4204,16384,False,3,14
4205,12416,False,3,15
4206,299008,False,3,26
4207,177920,False,3,28
4208,74179,False,3,23
4209,88832,False,3,23
4210,256,False,3,8
4211,426368,False,3,34
4212,381312,False,3,26
4213,260544,False,3,30
4214,65536,False,3,16
4215,1385472,False,3,31
4216,4096,False,3,12
4217,288128,False,3,24
4218,32768,False,3,15
4219,72128,False,3,17
4220,82368,False,3,18
4221,54208,False,3,18
4222,512,False,3,9
4223,128,False,3,7
4224,8339456,False,3,60
4225,139200,False,3,21
4226,102272,False,3,26
4227,156032,False,3,26
4228,2048,False,3,11
4229,284544,False,3,23
4230,122752,False,3,29
4231,1967045888,True,3,92
4232,44480,False,3,17
4233,543616,False,3,22
4234,57344,False,3,17
4235,14784,False,3,14
4236,4665792,False,3,26
4237,1619328,False,3,26
4238,405955,False,3,26
4239,4194307,False,3,24
4240,1295296,False,3,32
4241,916480,False,3,32
4242,1024,False,3,10
4243,65536,False,3,16
4244,2721536,False,3,30
4245,542400,False,3,48
4246,228224,False,3,31
4247,8080064,False,3,40
4248,178560,False,3,23
4249,1376512,False,3,31
4250,676160,False,3,34
4251,14787,False,3,16
4252,324480,False,3,24
4253,19392,False,3,16
4254,1000512,False,3,30
4255,250304,False,3,27
4256,32768,False,3,15
4257,204800,False,3,21
4258,32704,False,3,16
4259,39872,False,3,17
4260,14272,False,3,14
4261,446464,False,3,44
4262,26560,False,3,17
4263,14784,False,3,14
4264,866368,False,3,36
4265,2373632,False,3,33
4266,4032,False,3,12
4267,1217537,False,3,35
4268,433920,False,3,30
4269,77203712,True,3,29
4270,524288,False,3,19
4271,888384,False,3,30
4272,97280,False,3,17
4273,1001480320,True,3,70
4274,63424,False,3,21
4275,915776,False,3,36
4276,397760,False,3,34
4277,82368,False,3,18
4278,35456,False,3,17
4279,4096,False,3,12
4280,2163459,False,3,55
4281,640384,False,3,39
4282,24576,False,3,15
4283,417920,False,3,26
4284,1335296,False,3,29
4285,4276160,False,3,25
4286,460160,False,3,33
4287,333184,False,3,20
4288,504704,False,3,26
4289,88064,False,3,26
4290,1289664,False,3,28
4291,76736,False,3,17
4292,1849536,False,3,35
4293,2302144,False,3,34
4294,3378432,False,3,39
4295,1854720,False,3,33
4296,154560,False,3,18
4297,122752,False,3,18
4298,6151936,False,3,39
4299,2373248,False,3,34
4300,671552,False,3,28
4301,675712,False,3,41
4302,72128,False,3,17
4303,90112,False,3,18
4304,7616,False,3,13
4305,145792,False,3,25
4306,370687,False,3,54
4307,12484288,True,3,47
4308,1640640,False,3,37
4309,568000,False,3,48
4310,547712,False,3,34
4311,3059718,False,3,42
4312,422272,False,3,25
4313,256,False,3,8
4314,6086656,False,3,49
4315,294912,False,3,22
4316,1317440,False,3,30
4317,96319,False,3,37
4318,950272,False,3,35
4319,500160,False,3,28
4320,32768,False,3,15
4321,1210688,False,3,30
4322,1744256,False,3,42
4323,257024,False,3,25
4324,260096,False,3,35
4325,115136,False,3,19
4326,1005952,False,3,46
4327,512,False,3,9
4328,788352,False,3,26
4329,14784,False,3,14
4330,32768,False,3,15
4331,49154,False,3,18
4332,2080832,False,3,43
4333,3535168,False,3,56
4334,473920,False,3,30
4335,8564544,False,3,38
4336,170112,False,3,29
